"row_id","section","query_id","query_text","candidate_id","candidate_text","label","why_separate_or_note"
"1","shortlist","p5yca","WKU should consider building a parking structure at the Chestnut St lot.","pp2tr","Building codes prohibiting trophy houses next to common housing","",""
"2","shortlist","p5yca","WKU should consider building a parking structure at the Chestnut St lot.","pd3p9","Better parking around the square would draw in more college students who like to shop but can not find parking downtown.","",""
"3","shortlist","p5yca","WKU should consider building a parking structure at the Chestnut St lot.","pgdt8","Consider asking low-income or disabled residents what they really need.","",""
"4","shortlist","p5yca","WKU should consider building a parking structure at the Chestnut St lot.","p43af","It should be mandatory for all homes/businesses to have visible marking on mailbox and building for their address.","",""
"5","shortlist","p5yca","WKU should consider building a parking structure at the Chestnut St lot.","puuwd","Like Steamers but hate they ruined that historic building","",""
"6","shortlist","p5yca","WKU should consider building a parking structure at the Chestnut St lot.","pptwk","There should be more cooperation between WKU and Bowling Green, especially for things like internships and community involvement.","",""
"7","shortlist","p5yca","WKU should consider building a parking structure at the Chestnut St lot.","p8zq7","Build parking garage behind Spencer’s, remove some parking from Ft. Square. Add a green space on top of garage! Soccer field or rooftop food","",""
"8","shortlist","p5yca","WKU should consider building a parking structure at the Chestnut St lot.","p7ms9","City/county parks should be focused on creating and maintain green places for residents to join.Avoid cement parking and adding buildings","",""
"9","shortlist","p5yca","WKU should consider building a parking structure at the Chestnut St lot.","pqtft","Kentucky and Adams streets should be two-way roads. Adams St. should be zoned commercial, and Kentucky St. should be zoned residential.","",""
"10","shortlist","p5yca","WKU should consider building a parking structure at the Chestnut St lot.","p3y2u","Greenwood Mall parking lot could become a cooperative solar collection for itself and home surrounding","",""
"11","shortlist","p5yca","WKU should consider building a parking structure at the Chestnut St lot.","p8hra","Traffic flow needs to be improved throughout Bowling Green, especially on Scottsville Road.","",""
"12","shortlist","p5yca","WKU should consider building a parking structure at the Chestnut St lot.","pj74t","Parking on the WKU campus should be more accessible to students and visitors.","",""
"13","shortlist","p5yca","WKU should consider building a parking structure at the Chestnut St lot.","pf7ei","Connect business parking lots to reduce unnecessary traffic on main roadways","",""
"14","shortlist","p5yca","WKU should consider building a parking structure at the Chestnut St lot.","picqu","Make areas around WKU's campus livable for college students. Eliminating section 8 housing will lead to less crime & lower cost of attendance.","",""
"15","shortlist","p5yca","WKU should consider building a parking structure at the Chestnut St lot.","p67wb","WKU should open its facilities to the public once or twice a month to the community, and those in need should be welcome more often.","",""
"16","shortlist","p5yca","WKU should consider building a parking structure at the Chestnut St lot.","p5eg6","There needs to be better access to grocery stores and restaurants from WKU's campus.","",""
"17","shortlist","p5yca","WKU should consider building a parking structure at the Chestnut St lot.","pgmpv","Something needs to be done to improve traffic flow","",""
"18","shortlist","p5yca","WKU should consider building a parking structure at the Chestnut St lot.","pkta9","City officials need to work with WKU admin. to address the noise & public nuisance problems with the frat houses and homeowners downtown.","",""
"19","shortlist","p5yca","WKU should consider building a parking structure at the Chestnut St lot.","pq3ad","More parking downtown. There are too many reserved spaces which should be available in the evening.","",""
"20","shortlist","p5yca","WKU should consider building a parking structure at the Chestnut St lot.","pe262","WKU should upgrade their CIT program to keep up with the times","",""
"21","shortlist","p5yca","WKU should consider building a parking structure at the Chestnut St lot.","pz3q2","WKU and local community colleges should continue to offer courses that interest those seeking an education, whether or not the courses aid in job placement.","",""
"22","shortlist","p5yca","WKU should consider building a parking structure at the Chestnut St lot.","pxra8","Downtown at the square and adjacent areas should be a pedestrian mall","",""
"23","shortlist","p5yca","WKU should consider building a parking structure at the Chestnut St lot.","pwy69","More sidewalks would be great, but first let’s stop people parking on them. Or stop spending money building them. Whichever.","",""
"24","shortlist","p5yca","WKU should consider building a parking structure at the Chestnut St lot.","p89sh","Build parking areas.","",""
"25","shortlist","p5yca","WKU should consider building a parking structure at the Chestnut St lot.","p5at5","Downtown redevelopment should retain accessible parking for existing businesses.","",""
"26","shortlist","p5yca","WKU should consider building a parking structure at the Chestnut St lot.","phc7j","Parking lots should be monitored to prevent illegal parking in handicap spaces.","",""
"27","shortlist","p5yca","WKU should consider building a parking structure at the Chestnut St lot.","pkqjk","More parking for Fountain Square to become a pedestrian zone.","",""
"28","shortlist","p5yca","WKU should consider building a parking structure at the Chestnut St lot.","pqr9z","Extra police, or parking enforcement unit should be on duty during events to maintain legal parking","",""
"29","shortlist","p5yca","WKU should consider building a parking structure at the Chestnut St lot.","p59nj","Owners of large parking lots should be required to break them up with pockets of green space and trees; perhaps create a walkable green path","",""
"30","shortlist","p5yca","WKU should consider building a parking structure at the Chestnut St lot.","pebvm","Bowling Green should consider a program, like Ft Worth Texas's Clean Slate, in which the homeless can earn money by cleaning up the city.","",""
"31","shortlist","p5yca","WKU should consider building a parking structure at the Chestnut St lot.","ph8pr","Residential Parking Permits for areas near WKU. We can rescue our yards from parking. We pay property taxes for the students' convenience,","",""
"32","shortlist","p5yca","WKU should consider building a parking structure at the Chestnut St lot.","p2wk5","There should be more healthy food options near/on campus of WKU.","",""
"33","shortlist","p5yca","WKU should consider building a parking structure at the Chestnut St lot.","pjbzz","Need to build wider access roads into the city!","",""
"34","shortlist","p5yca","WKU should consider building a parking structure at the Chestnut St lot.","pcvs4","Institute a business development grant that encourages WKU grads to stay in Bowling Green by starting local businesses.","",""
"35","shortlist","p5yca","WKU should consider building a parking structure at the Chestnut St lot.","pi9rk","Increase green spaces, especially near mall, to decrease congestion and improve ""green"" status","",""
"36","shortlist","p5yca","WKU should consider building a parking structure at the Chestnut St lot.","pcu64","Traffic congestion on Fairview Ave and Cemetery Rd needs to be improved during evening rush hours.","",""
"37","shortlist","p5yca","WKU should consider building a parking structure at the Chestnut St lot.","prhru","We already have a lot of parks. And the libraries have become a hangout for the homeless. Do something about that problem first","",""
"38","shortlist","p5yca","WKU should consider building a parking structure at the Chestnut St lot.","pgpc7","Parking in apartment subdivisions should monitored closely by police. Parking on subdivision streets shouldn't be allowed.","",""
"39","shortlist","p5yca","WKU should consider building a parking structure at the Chestnut St lot.","pneud","Every new apartment building should have shaded parklike space for refreshment of its tenants","",""
"40","shortlist","p5yca","WKU should consider building a parking structure at the Chestnut St lot.","pp8pk","Develop the Greenway so that the paved trail is continuous and reaches major parts of the city including the square, WKU, GM, and others.","",""
"41","shortlist","p5yca","WKU should consider building a parking structure at the Chestnut St lot.","pk47i","The downtown parking garage has been an eyesore for years. It's embarrassing, so fix it!","",""
"42","shortlist","p5yca","WKU should consider building a parking structure at the Chestnut St lot.","pnspp","The Kentucky Career Center on Chestnut is a great resource to locate employment.","",""
"43","shortlist","pptbv","We need mixed-use development in the most disadvantaged areas of BG.","pzaca","Bowling Green should spend less time redoing the same sidewalks over and over again and focus on the areas that actually need improvement.","",""
"44","shortlist","pptbv","We need mixed-use development in the most disadvantaged areas of BG.","pqpib","With drug use being so prevalent in Warren county, better treatment options need to be offered.","",""
"45","shortlist","pptbv","We need mixed-use development in the most disadvantaged areas of BG.","pbm45","We need to focus more on the existing housing in BG, including renovations and improvements.","",""
"46","shortlist","pptbv","We need mixed-use development in the most disadvantaged areas of BG.","padkd","We need urban planning to ensure that mixed use housing, shopping and new neighborhoods are created to make our community better","",""
"47","shortlist","pptbv","We need mixed-use development in the most disadvantaged areas of BG.","psbcj","I would like to see a sift in city planning and zoning to make BG a more walkable city with better sidewalk planning","",""
"48","shortlist","pptbv","We need mixed-use development in the most disadvantaged areas of BG.","pjrdt","Improved businesses such as banks and groceries in lowest income areas","",""
"49","shortlist","pptbv","We need mixed-use development in the most disadvantaged areas of BG.","p2hkv","Our sidewalks need more connectivity. It's too piecemealed and makes some areas unusable.","",""
"50","shortlist","pptbv","We need mixed-use development in the most disadvantaged areas of BG.","p6fag","We need to grow the internet infrastructure particularly in growing areas of the county like Alvaton.","",""
"51","shortlist","pptbv","We need mixed-use development in the most disadvantaged areas of BG.","p7whc","BG needs to develop a marketing campaign to draw Warren Co and surrounding counties to downtown for eating, shopping, and entertainment.","",""
"52","shortlist","pptbv","We need mixed-use development in the most disadvantaged areas of BG.","p5rtq","We are loosing the city’s long established neighborhoods to multi family developments that do not fit in with the single family residences","",""
"53","shortlist","pptbv","We need mixed-use development in the most disadvantaged areas of BG.","pphh2","We should focus downtown development dollars on rehabilitation and reuse of buildings that can be done so, rather than building new.","",""
"54","shortlist","pptbv","We need mixed-use development in the most disadvantaged areas of BG.","p3cst","We need more mixed-use developments so people live closely to all basic needs. Mix business and residential zones and increase walkability.","",""
"55","shortlist","pptbv","We need mixed-use development in the most disadvantaged areas of BG.","phsyb","Prevent the development of new housing areas, especially in farm land areas.","",""
"56","shortlist","pptbv","We need mixed-use development in the most disadvantaged areas of BG.","p64wt","More affordable home ownership options.","",""
"57","shortlist","pptbv","We need mixed-use development in the most disadvantaged areas of BG.","pgaj7","I would like to see a revitalization of older parts of Bowling Green, by giving home improvement grants to home owners. Approval process req","",""
"58","shortlist","pptbv","We need mixed-use development in the most disadvantaged areas of BG.","p6twv","City Annexed areas need more city services for their tax $$.","",""
"59","shortlist","pptbv","We need mixed-use development in the most disadvantaged areas of BG.","p389z","We should be incentivizing higher paying jobs coming to BG. Cost of living is outrunning wages and it's starting to be a problem.","",""
"60","shortlist","pptbv","We need mixed-use development in the most disadvantaged areas of BG.","pif8h","BG needs to redevelop from WKU to the river and beyond. Model after Greenville SC","",""
"61","shortlist","pptbv","We need mixed-use development in the most disadvantaged areas of BG.","phfba","Bowling Green needs stricter code enforcement on property use and condition in some neighborhoods.","",""
"62","shortlist","pptbv","We need mixed-use development in the most disadvantaged areas of BG.","p89sh","Build parking areas.","",""
"63","shortlist","pptbv","We need mixed-use development in the most disadvantaged areas of BG.","pc7zk","City officials need to spread resources across city and not just focus on wealthy neighborhoods. Low-income areas of city are ignored.","",""
"64","shortlist","pptbv","We need mixed-use development in the most disadvantaged areas of BG.","p4p8j","There isn’t enough here to draw young families. We need a beautification of the riverfront and a more walkable city for young professionals","",""
"65","shortlist","pptbv","We need mixed-use development in the most disadvantaged areas of BG.","pqaaf","Urban sprawl in Bowling Green is a major problem that has made this city less walking/bike friendly.","",""
"66","shortlist","pptbv","We need mixed-use development in the most disadvantaged areas of BG.","p4zjr","Bowling Green Government needs more perspective from Millennials. We need ideas for the future not outdated Boomer development ideas.","",""
"67","shortlist","pptbv","We need mixed-use development in the most disadvantaged areas of BG.","p69et","The bypass area must be developed and utilized for new businesses and attractive structures. It is a neglected area that is losing business.","",""
"68","shortlist","pptbv","We need mixed-use development in the most disadvantaged areas of BG.","pe3gy","New developments should not be approved unless roads and infrastructure capable of handling them are in place.","",""
"69","shortlist","pptbv","We need mixed-use development in the most disadvantaged areas of BG.","pneud","Every new apartment building should have shaded parklike space for refreshment of its tenants","",""
"70","shortlist","pptbv","We need mixed-use development in the most disadvantaged areas of BG.","pki7f","Bowling Green needs more access to affordable , healthy, local food sources.","",""
"71","shortlist","pptbv","We need mixed-use development in the most disadvantaged areas of BG.","puyc3","We need to renovate the run down businesses and store fronts, instead of building new places","",""
"72","shortlist","pptbv","We need mixed-use development in the most disadvantaged areas of BG.","ptuye","The population has out grown the infrastructure in bg/ warren county.","",""
"73","shortlist","pptbv","We need mixed-use development in the most disadvantaged areas of BG.","pxra8","Downtown at the square and adjacent areas should be a pedestrian mall","",""
"74","shortlist","pptbv","We need mixed-use development in the most disadvantaged areas of BG.","p792j","Fireworks use in residential areas is out of control with no police presence to enforce the already in place restrictions.","",""
"75","shortlist","pptbv","We need mixed-use development in the most disadvantaged areas of BG.","ptahe","The lack of leadership regarding adequate planning and zoning in BG is discouraging.","",""
"76","shortlist","pptbv","We need mixed-use development in the most disadvantaged areas of BG.","pvdrx","We need to make it worthwhile for builders to create more quality affordable rental units for residents, rather than more luxury units.","",""
"77","shortlist","pptbv","We need mixed-use development in the most disadvantaged areas of BG.","pcrhx","City/county leaders should be cautious of ""build it and they will come"" mentality for growth and development.","",""
"78","shortlist","pptbv","We need mixed-use development in the most disadvantaged areas of BG.","prqiv","We need to commit more resources to the North-Northeast ends of town. Blue collar people who help make Bowling Green what is. Too neglected.","",""
"79","shortlist","pptbv","We need mixed-use development in the most disadvantaged areas of BG.","pqra3","Need a better way to work with tenants in the downtown district. Too many come and go because they lack business skills.","",""
"80","shortlist","pptbv","We need mixed-use development in the most disadvantaged areas of BG.","pjq68","More citizens need to be involved in the future development of BG. Too many developers who benefit financially are calling the shots.","",""
"81","shortlist","pptbv","We need mixed-use development in the most disadvantaged areas of BG.","p6u6a","Local government, for profit and non profits should work together on housing and economic equality","",""
"82","shortlist","pxjks","City and County should convert existing street lighting to Dark Sky Complaint Lights. #Nomoreorangeglow","pbm45","We need to focus more on the existing housing in BG, including renovations and improvements.","",""
"83","shortlist","pxjks","City and County should convert existing street lighting to Dark Sky Complaint Lights. #Nomoreorangeglow","pneud","Every new apartment building should have shaded parklike space for refreshment of its tenants","",""
"84","shortlist","pxjks","City and County should convert existing street lighting to Dark Sky Complaint Lights. #Nomoreorangeglow","p3bwu","The city should actually time stoplights correctly during rush hour to prevent complete gridlock","",""
"85","shortlist","pxjks","City and County should convert existing street lighting to Dark Sky Complaint Lights. #Nomoreorangeglow","pjbzz","Need to build wider access roads into the city!","",""
"86","shortlist","pxjks","City and County should convert existing street lighting to Dark Sky Complaint Lights. #Nomoreorangeglow","pmbwe","More roundabouts for intersections","",""
"87","shortlist","pxjks","City and County should convert existing street lighting to Dark Sky Complaint Lights. #Nomoreorangeglow","p7ms9","City/county parks should be focused on creating and maintain green places for residents to join.Avoid cement parking and adding buildings","",""
"88","shortlist","pxjks","City and County should convert existing street lighting to Dark Sky Complaint Lights. #Nomoreorangeglow","pwbe8","We need more incentives for individual and business solar power","",""
"89","shortlist","pxjks","City and County should convert existing street lighting to Dark Sky Complaint Lights. #Nomoreorangeglow","pbwev","Trick or treating should last longer after dark. Many decorations don't show til then. Also start later, parents can't get home in time!","",""
"90","shortlist","pxjks","City and County should convert existing street lighting to Dark Sky Complaint Lights. #Nomoreorangeglow","ppwgk","We need to SHADE street lamps. This actually increases visibility, reduces glare, and saves energy/ money. Using LEDs would save money, too.","",""
"91","shortlist","pxjks","City and County should convert existing street lighting to Dark Sky Complaint Lights. #Nomoreorangeglow","p6jxh","Bowling Green should try to emulate Owensboro's Friday night programs downtown.","",""
"92","shortlist","pxjks","City and County should convert existing street lighting to Dark Sky Complaint Lights. #Nomoreorangeglow","pnfi5","install traffic cameras and enforce running of stop lights. more traffic enforcement means more $$$ for the city.","",""
"93","shortlist","pxjks","City and County should convert existing street lighting to Dark Sky Complaint Lights. #Nomoreorangeglow","pxg44","Bowling green needs to work in beautifying the city . More Boulvard like roads with planted flowers and reducing overhead utility clusters.","",""
"94","shortlist","pxjks","City and County should convert existing street lighting to Dark Sky Complaint Lights. #Nomoreorangeglow","pi9rk","Increase green spaces, especially near mall, to decrease congestion and improve ""green"" status","",""
"95","shortlist","pxjks","City and County should convert existing street lighting to Dark Sky Complaint Lights. #Nomoreorangeglow","pm8t7","Regulate the size & brightness of business signs.","",""
"96","shortlist","pxjks","City and County should convert existing street lighting to Dark Sky Complaint Lights. #Nomoreorangeglow","padkd","We need urban planning to ensure that mixed use housing, shopping and new neighborhoods are created to make our community better","",""
"97","shortlist","pxjks","City and County should convert existing street lighting to Dark Sky Complaint Lights. #Nomoreorangeglow","psbcj","I would like to see a sift in city planning and zoning to make BG a more walkable city with better sidewalk planning","",""
"98","shortlist","pxjks","City and County should convert existing street lighting to Dark Sky Complaint Lights. #Nomoreorangeglow","pxra8","Downtown at the square and adjacent areas should be a pedestrian mall","",""
"99","shortlist","pxjks","City and County should convert existing street lighting to Dark Sky Complaint Lights. #Nomoreorangeglow","p792j","Fireworks use in residential areas is out of control with no police presence to enforce the already in place restrictions.","",""
"100","shortlist","pxjks","City and County should convert existing street lighting to Dark Sky Complaint Lights. #Nomoreorangeglow","pqy6v","Footbridge from airport to across the street. Pilots running across the road.","",""
"101","shortlist","pxjks","City and County should convert existing street lighting to Dark Sky Complaint Lights. #Nomoreorangeglow","phfba","Bowling Green needs stricter code enforcement on property use and condition in some neighborhoods.","",""
"102","shortlist","pxjks","City and County should convert existing street lighting to Dark Sky Complaint Lights. #Nomoreorangeglow","pv2mh","A way to improve Bowling Green and the surrounding areas is to improve traffic flow & circulation by limiting the number of traffic lights.","",""
"103","shortlist","pxjks","City and County should convert existing street lighting to Dark Sky Complaint Lights. #Nomoreorangeglow","p3y2u","Greenwood Mall parking lot could become a cooperative solar collection for itself and home surrounding","",""
"104","shortlist","pxjks","City and County should convert existing street lighting to Dark Sky Complaint Lights. #Nomoreorangeglow","p78cz","There should be an actual complaint filed by a neighbor before Code Enforcement writes a violation. Stop harassing hardworking citizens.","",""
"105","shortlist","pxjks","City and County should convert existing street lighting to Dark Sky Complaint Lights. #Nomoreorangeglow","ppct5","Bowling Green should have basic zoning mandates in order to beautify decrepit buildings/gravel lawns/general trashiness.","",""
"106","shortlist","pxjks","City and County should convert existing street lighting to Dark Sky Complaint Lights. #Nomoreorangeglow","p4pb4","Every citizen should be within 1 mile of some shaded green space.","",""
"107","shortlist","pxjks","City and County should convert existing street lighting to Dark Sky Complaint Lights. #Nomoreorangeglow","pu42c","Better visibility on roads. Reflectors and better signage","",""
"108","shortlist","pxjks","City and County should convert existing street lighting to Dark Sky Complaint Lights. #Nomoreorangeglow","pd9yv","Noise ordinances should be enacted and enforced in the county as they are in the city.","",""
"109","shortlist","pxjks","City and County should convert existing street lighting to Dark Sky Complaint Lights. #Nomoreorangeglow","p5ku8","There needs to be a stoplight at the intersection of Shive Lane and Ken Bale Blvd to improve traffic flow. The backups there are awful.","",""
"110","shortlist","pxjks","City and County should convert existing street lighting to Dark Sky Complaint Lights. #Nomoreorangeglow","pts69","Funding and support should be given to the existing BG buses, to expand their service area and improve accessibility.","",""
"111","shortlist","pxjks","City and County should convert existing street lighting to Dark Sky Complaint Lights. #Nomoreorangeglow","pgvyh","Shade trees should be required plantings along all Greenways","",""
"112","shortlist","pxjks","City and County should convert existing street lighting to Dark Sky Complaint Lights. #Nomoreorangeglow","p87p6","Bowling Green should be become a carbon neutral city.","",""
"113","shortlist","pxjks","City and County should convert existing street lighting to Dark Sky Complaint Lights. #Nomoreorangeglow","p8ce7","Build and improve sidewalks in the area of Magnolia Street and 13th to Cabell Drive area for the heavy pedestrian traffic there.","",""
"114","shortlist","pxjks","City and County should convert existing street lighting to Dark Sky Complaint Lights. #Nomoreorangeglow","pbp7c","There are too many traffic lights in parts of Bowling Green (for instance, Scottsville Road).","",""
"115","shortlist","pxjks","City and County should convert existing street lighting to Dark Sky Complaint Lights. #Nomoreorangeglow","prb59","Require new downtown developments to become LEED certified","",""
"116","shortlist","pxjks","City and County should convert existing street lighting to Dark Sky Complaint Lights. #Nomoreorangeglow","p2ya2","All new and existing single family housing should have at least one shade tree planting","",""
"117","shortlist","pxjks","City and County should convert existing street lighting to Dark Sky Complaint Lights. #Nomoreorangeglow","pjubs","All new and existing sidewalks should have shade trees","",""
"118","shortlist","pxjks","City and County should convert existing street lighting to Dark Sky Complaint Lights. #Nomoreorangeglow","p5hnk","Street lights should be required on residential streets in town. Too many dark corners.","",""
"119","shortlist","pxjks","City and County should convert existing street lighting to Dark Sky Complaint Lights. #Nomoreorangeglow","p5at5","Downtown redevelopment should retain accessible parking for existing businesses.","",""
"120","shortlist","pxjks","City and County should convert existing street lighting to Dark Sky Complaint Lights. #Nomoreorangeglow","pu9z9","The travesty going up on Fairview Ave. should never have been allowed","",""
"121","shortlist","pxjks","City and County should convert existing street lighting to Dark Sky Complaint Lights. #Nomoreorangeglow","pgdsd","The city of Bowling Green should enforce their existing noise ordinance.","",""
"122","shortlist","pxjks","City and County should convert existing street lighting to Dark Sky Complaint Lights. #Nomoreorangeglow","pwra8","Doctors over-prescribing opioids should be sentenced at least as harshly as street dealers if not more harshly due to their knowledge.","",""
"123","shortlist","pk7ki","Better enforcement of traffic violations. Too many running red lights, parking in fire lanes, cell phone usage while driving","pt76e","Traffic congestion is a major problem, so studying traffic flow closely is the first step.","",""
"124","shortlist","pk7ki","Better enforcement of traffic violations. Too many running red lights, parking in fire lanes, cell phone usage while driving","pe54w","Work needs to be done on improving litter pick up and encouraging people dispose of their litter correctly.","",""
"125","shortlist","pk7ki","Better enforcement of traffic violations. Too many running red lights, parking in fire lanes, cell phone usage while driving","pqhex","Why has the Police stop enforcing parking regulations? Park any way any direction. Is it time for a separate Traffic Enforcement Division?","",""
"126","shortlist","pk7ki","Better enforcement of traffic violations. Too many running red lights, parking in fire lanes, cell phone usage while driving","pu42c","Better visibility on roads. Reflectors and better signage","",""
"127","shortlist","pk7ki","Better enforcement of traffic violations. Too many running red lights, parking in fire lanes, cell phone usage while driving","pyyxz","Impact on traffic flow should be considered with any proposed new developments.","",""
"128","shortlist","pk7ki","Better enforcement of traffic violations. Too many running red lights, parking in fire lanes, cell phone usage while driving","pd9yv","Noise ordinances should be enacted and enforced in the county as they are in the city.","",""
"129","shortlist","pk7ki","Better enforcement of traffic violations. Too many running red lights, parking in fire lanes, cell phone usage while driving","pn9cj","Increase Internet/Cell/Phone service throughout the county. First deal with areas that currently don't have any option.","",""
"130","shortlist","pk7ki","Better enforcement of traffic violations. Too many running red lights, parking in fire lanes, cell phone usage while driving","ptaiy","Many drivers fail to stop as traffic lights turn red. As many as 3 cars will travel through an intersection after light has changed to red.","",""
"131","shortlist","pk7ki","Better enforcement of traffic violations. Too many running red lights, parking in fire lanes, cell phone usage while driving","pgmpv","Something needs to be done to improve traffic flow","",""
"132","shortlist","pk7ki","Better enforcement of traffic violations. Too many running red lights, parking in fire lanes, cell phone usage while driving","ps9dt","Police do a shameful job of enforcing traffic laws. more tickets = more compliance and more $$$$$.","",""
"133","shortlist","pk7ki","Better enforcement of traffic violations. Too many running red lights, parking in fire lanes, cell phone usage while driving","pnfi5","install traffic cameras and enforce running of stop lights. more traffic enforcement means more $$$ for the city.","",""
"134","shortlist","pk7ki","Better enforcement of traffic violations. Too many running red lights, parking in fire lanes, cell phone usage while driving","phfba","Bowling Green needs stricter code enforcement on property use and condition in some neighborhoods.","",""
"135","shortlist","pk7ki","Better enforcement of traffic violations. Too many running red lights, parking in fire lanes, cell phone usage while driving","p49kb","Driving in this town very dangerous, Drivers Education classes should be required for all new drivers!!!","",""
"136","shortlist","pk7ki","Better enforcement of traffic violations. Too many running red lights, parking in fire lanes, cell phone usage while driving","pd3p9","Better parking around the square would draw in more college students who like to shop but can not find parking downtown.","",""
"137","shortlist","pk7ki","Better enforcement of traffic violations. Too many running red lights, parking in fire lanes, cell phone usage while driving","pv2mh","A way to improve Bowling Green and the surrounding areas is to improve traffic flow & circulation by limiting the number of traffic lights.","",""
"138","shortlist","pk7ki","Better enforcement of traffic violations. Too many running red lights, parking in fire lanes, cell phone usage while driving","pcu64","Traffic congestion on Fairview Ave and Cemetery Rd needs to be improved during evening rush hours.","",""
"139","shortlist","pk7ki","Better enforcement of traffic violations. Too many running red lights, parking in fire lanes, cell phone usage while driving","pek8y","people need to understand that a STOP sign means STOP, not just slow down and keep going.","",""
"140","shortlist","pk7ki","Better enforcement of traffic violations. Too many running red lights, parking in fire lanes, cell phone usage while driving","p3y3b","Build more roads!!! Traffic is terrible here for a small city.","",""
"141","shortlist","pk7ki","Better enforcement of traffic violations. Too many running red lights, parking in fire lanes, cell phone usage while driving","pqy6v","Footbridge from airport to across the street. Pilots running across the road.","",""
"142","shortlist","pk7ki","Better enforcement of traffic violations. Too many running red lights, parking in fire lanes, cell phone usage while driving","pr7y3","New developments should help pay to widen the roads in the areas where they are increasing traffic.","",""
"143","shortlist","pk7ki","Better enforcement of traffic violations. Too many running red lights, parking in fire lanes, cell phone usage while driving","pc7ap","BG needs to install traffic cameras that help police intersections like Gallatin, TN. This would reduce accidents, traffic flow and add $","",""
"144","shortlist","pk7ki","Better enforcement of traffic violations. Too many running red lights, parking in fire lanes, cell phone usage while driving","pczge","Busy roads like the by pass either need turn lanes or block left hand turns except at stop lights.","",""
"145","shortlist","pk7ki","Better enforcement of traffic violations. Too many running red lights, parking in fire lanes, cell phone usage while driving","pf7ei","Connect business parking lots to reduce unnecessary traffic on main roadways","",""
"146","shortlist","pk7ki","Better enforcement of traffic violations. Too many running red lights, parking in fire lanes, cell phone usage while driving","pbp7c","There are too many traffic lights in parts of Bowling Green (for instance, Scottsville Road).","",""
"147","shortlist","pk7ki","Better enforcement of traffic violations. Too many running red lights, parking in fire lanes, cell phone usage while driving","pq3ad","More parking downtown. There are too many reserved spaces which should be available in the evening.","",""
"148","shortlist","pk7ki","Better enforcement of traffic violations. Too many running red lights, parking in fire lanes, cell phone usage while driving","pqcdx","Bowling Green would be better if it didn't have the ""Good Ole Boy"" system among so many.","",""
"149","shortlist","pk7ki","Better enforcement of traffic violations. Too many running red lights, parking in fire lanes, cell phone usage while driving","psik2","stronger enforcement of junk cars in yards and trashy looking yards in general","",""
"150","shortlist","pk7ki","Better enforcement of traffic violations. Too many running red lights, parking in fire lanes, cell phone usage while driving","pqr9z","Extra police, or parking enforcement unit should be on duty during events to maintain legal parking","",""
"151","shortlist","pk7ki","Better enforcement of traffic violations. Too many running red lights, parking in fire lanes, cell phone usage while driving","pav4r","There should be more officers observing intersections.","",""
"152","shortlist","pk7ki","Better enforcement of traffic violations. Too many running red lights, parking in fire lanes, cell phone usage while driving","pgpc7","Parking in apartment subdivisions should monitored closely by police. Parking on subdivision streets shouldn't be allowed.","",""
"153","shortlist","pk7ki","Better enforcement of traffic violations. Too many running red lights, parking in fire lanes, cell phone usage while driving","pps8y","Parking on both sides of the streets in apartment subdivisions should should not be allowed and police need to enforce the law.","",""
"154","shortlist","pk7ki","Better enforcement of traffic violations. Too many running red lights, parking in fire lanes, cell phone usage while driving","phc7j","Parking lots should be monitored to prevent illegal parking in handicap spaces.","",""
"155","shortlist","pk7ki","Better enforcement of traffic violations. Too many running red lights, parking in fire lanes, cell phone usage while driving","p5hnk","Street lights should be required on residential streets in town. Too many dark corners.","",""
"156","shortlist","pk7ki","Better enforcement of traffic violations. Too many running red lights, parking in fire lanes, cell phone usage while driving","p8tq3","There is too much continuous road work going on downtown. They need to get it together.","",""
"157","shortlist","pk7ki","Better enforcement of traffic violations. Too many running red lights, parking in fire lanes, cell phone usage while driving","pgdsd","The city of Bowling Green should enforce their existing noise ordinance.","",""
"158","shortlist","pk7ki","Better enforcement of traffic violations. Too many running red lights, parking in fire lanes, cell phone usage while driving","p3bwu","The city should actually time stoplights correctly during rush hour to prevent complete gridlock","",""
"159","shortlist","pk7ki","Better enforcement of traffic violations. Too many running red lights, parking in fire lanes, cell phone usage while driving","p8hra","Traffic flow needs to be improved throughout Bowling Green, especially on Scottsville Road.","",""
"160","shortlist","pk7ki","Better enforcement of traffic violations. Too many running red lights, parking in fire lanes, cell phone usage while driving","peizm","Driver’s education needs to be more thorough and mandatory before 16 year olds are even allowed to drive home from the courthouse.","",""
"161","shortlist","pk7ki","Better enforcement of traffic violations. Too many running red lights, parking in fire lanes, cell phone usage while driving","pkeaq","Leash laws should be more strictly enforced in both the city and county","",""
"162","shortlist","pk7ki","Better enforcement of traffic violations. Too many running red lights, parking in fire lanes, cell phone usage while driving","pu33h","I see a lot of folks with expired tags on cars, both in state and out of state. Police need to enforce the laws and write more tickets.","",""
"163","shortlist","p8jmp","Bowling Green needs to enforce the separation of church and state and impose taxes on churches that politic from the pulpit","p7ms9","City/county parks should be focused on creating and maintain green places for residents to join.Avoid cement parking and adding buildings","",""
"164","shortlist","p8jmp","Bowling Green needs to enforce the separation of church and state and impose taxes on churches that politic from the pulpit","pfsk9","Allow parents that take their kids out of public schools to use that money in a private school.","",""
"165","shortlist","p8jmp","Bowling Green needs to enforce the separation of church and state and impose taxes on churches that politic from the pulpit","p6u6a","Local government, for profit and non profits should work together on housing and economic equality","",""
"166","shortlist","p8jmp","Bowling Green needs to enforce the separation of church and state and impose taxes on churches that politic from the pulpit","picza","City residents do not receive adequate return on County Taxes paid.","",""
"167","shortlist","p8jmp","Bowling Green needs to enforce the separation of church and state and impose taxes on churches that politic from the pulpit","p98ae","It is embarrassing that our city is the largest in the state not to have a fairness ordinance.","",""
"168","shortlist","p8jmp","Bowling Green needs to enforce the separation of church and state and impose taxes on churches that politic from the pulpit","pqcdx","Bowling Green would be better if it didn't have the ""Good Ole Boy"" system among so many.","",""
"169","shortlist","p8jmp","Bowling Green needs to enforce the separation of church and state and impose taxes on churches that politic from the pulpit","pptye","More concerts should be held in Bowling Green","",""
"170","shortlist","p8jmp","Bowling Green needs to enforce the separation of church and state and impose taxes on churches that politic from the pulpit","pph7p","Lower taxes by auditing every department for total accountability & make cuts where possible. Stop city government waste.","",""
"171","shortlist","p8jmp","Bowling Green needs to enforce the separation of church and state and impose taxes on churches that politic from the pulpit","p5ref","Encourage connection between the wealthy and the poor","",""
"172","shortlist","p8jmp","Bowling Green needs to enforce the separation of church and state and impose taxes on churches that politic from the pulpit","p792j","Fireworks use in residential areas is out of control with no police presence to enforce the already in place restrictions.","",""
"173","shortlist","p8jmp","Bowling Green needs to enforce the separation of church and state and impose taxes on churches that politic from the pulpit","p8h4y","If the state cannot provide good retirement benefits to KRS employees, the county/city should supplement the retirement with a 401k.","",""
"174","shortlist","p8jmp","Bowling Green needs to enforce the separation of church and state and impose taxes on churches that politic from the pulpit","pzxfe","If private schools were to get a share of Federal or State education dollars, it would hurt public schools.","",""
"175","shortlist","p8jmp","Bowling Green needs to enforce the separation of church and state and impose taxes on churches that politic from the pulpit","pd9yv","Noise ordinances should be enacted and enforced in the county as they are in the city.","",""
"176","shortlist","p8jmp","Bowling Green needs to enforce the separation of church and state and impose taxes on churches that politic from the pulpit","pr9y5","The Fairness Ordinance, as currently proposed, poses insufficient protection for religious conscience and should be revised accordingly.","",""
"177","shortlist","p8jmp","Bowling Green needs to enforce the separation of church and state and impose taxes on churches that politic from the pulpit","pbbu5","A private (catholic) high school would be beneficial to all.","",""
"178","shortlist","p8jmp","Bowling Green needs to enforce the separation of church and state and impose taxes on churches that politic from the pulpit","pgrp6","Unelected school board officials should not have the power to create, add, or increase ""school taxes"".","",""
"179","shortlist","p8jmp","Bowling Green needs to enforce the separation of church and state and impose taxes on churches that politic from the pulpit","phfba","Bowling Green needs stricter code enforcement on property use and condition in some neighborhoods.","",""
"180","shortlist","p8jmp","Bowling Green needs to enforce the separation of church and state and impose taxes on churches that politic from the pulpit","p5y22","Some local politicians abuse their power and get away with more than normal citizens.","",""
"181","shortlist","p8jmp","Bowling Green needs to enforce the separation of church and state and impose taxes on churches that politic from the pulpit","pnfi5","install traffic cameras and enforce running of stop lights. more traffic enforcement means more $$$ for the city.","",""
"182","shortlist","p8jmp","Bowling Green needs to enforce the separation of church and state and impose taxes on churches that politic from the pulpit","pwafd","I should be able to vote in city elections if I pay city taxes, even though I may live in the county.","",""
"183","shortlist","p8jmp","Bowling Green needs to enforce the separation of church and state and impose taxes on churches that politic from the pulpit","pkeaq","Leash laws should be more strictly enforced in both the city and county","",""
"184","shortlist","p8jmp","Bowling Green needs to enforce the separation of church and state and impose taxes on churches that politic from the pulpit","pjq68","More citizens need to be involved in the future development of BG. Too many developers who benefit financially are calling the shots.","",""
"185","shortlist","p8jmp","Bowling Green needs to enforce the separation of church and state and impose taxes on churches that politic from the pulpit","pgnkw","A fairness ordinance in Bowling Green would attract new businesses. No one wants to set up show in a town ethically stuck in the 1800s.","",""
"186","shortlist","p8jmp","Bowling Green needs to enforce the separation of church and state and impose taxes on churches that politic from the pulpit","pq8ag","Reduce and/or get rid of the city wage tax.","",""
"187","shortlist","p8jmp","Bowling Green needs to enforce the separation of church and state and impose taxes on churches that politic from the pulpit","pb4kx","People want it all, without paying for anything. A healthy community requires taxes people.","",""
"188","shortlist","p8jmp","Bowling Green needs to enforce the separation of church and state and impose taxes on churches that politic from the pulpit","ppviv","I believe BGISD and WCS should be combined to lower tax payer overheads of multi-administration wastages","",""
"189","shortlist","p8jmp","Bowling Green needs to enforce the separation of church and state and impose taxes on churches that politic from the pulpit","pf6t9","Bowling Green has many excellent non-public schools; more should be done to make these options available to diverse and low-income families.","",""
"190","shortlist","p8jmp","Bowling Green needs to enforce the separation of church and state and impose taxes on churches that politic from the pulpit","pgpz3","Planning and zoning laws should change to encourage small businesses and farms.","",""
"191","shortlist","p8jmp","Bowling Green needs to enforce the separation of church and state and impose taxes on churches that politic from the pulpit","pge2a","Bowling Green needs a stronger separation of church-mosque-temple and state.","",""
"192","shortlist","p8jmp","Bowling Green needs to enforce the separation of church and state and impose taxes on churches that politic from the pulpit","p9ujh","Lease laws should be enacted and enforced in the county as they are in the city.","",""
"193","shortlist","p8jmp","Bowling Green needs to enforce the separation of church and state and impose taxes on churches that politic from the pulpit","pps8y","Parking on both sides of the streets in apartment subdivisions should should not be allowed and police need to enforce the law.","",""
"194","shortlist","p8jmp","Bowling Green needs to enforce the separation of church and state and impose taxes on churches that politic from the pulpit","p92xj","Bowling Green needs a fairness ordinance to protect the rights of its citizens.","",""
"195","shortlist","p8jmp","Bowling Green needs to enforce the separation of church and state and impose taxes on churches that politic from the pulpit","ppct5","Bowling Green should have basic zoning mandates in order to beautify decrepit buildings/gravel lawns/general trashiness.","",""
"196","shortlist","p8jmp","Bowling Green needs to enforce the separation of church and state and impose taxes on churches that politic from the pulpit","pg2kz","Too much money is spent on making sure we cut our grass and don't park in the yard.","",""
"197","shortlist","p8jmp","Bowling Green needs to enforce the separation of church and state and impose taxes on churches that politic from the pulpit","pu33h","I see a lot of folks with expired tags on cars, both in state and out of state. Police need to enforce the laws and write more tickets.","",""
"198","shortlist","p8jmp","Bowling Green needs to enforce the separation of church and state and impose taxes on churches that politic from the pulpit","pkkkz","A city should have the right to declare itself a sanctuary city.","",""
"199","shortlist","p8jmp","Bowling Green needs to enforce the separation of church and state and impose taxes on churches that politic from the pulpit","pq8wz","BG Parks needs more funding from City","",""
"200","shortlist","p8jmp","Bowling Green needs to enforce the separation of church and state and impose taxes on churches that politic from the pulpit","p2ib2","City School taxes are too high , they need to budget more","",""
"201","shortlist","p8jmp","Bowling Green needs to enforce the separation of church and state and impose taxes on churches that politic from the pulpit","p7eqj","Allow residence of an area to vote on new developments that might have impact on them opposed to commissioners/magistrates getting kickbacks","",""
"202","shortlist","p8jmp","Bowling Green needs to enforce the separation of church and state and impose taxes on churches that politic from the pulpit","pjrdt","Improved businesses such as banks and groceries in lowest income areas","",""
"203","shortlist","p8jmp","Bowling Green needs to enforce the separation of church and state and impose taxes on churches that politic from the pulpit","pgdsd","The city of Bowling Green should enforce their existing noise ordinance.","",""
"204","shortlist","p8jmp","Bowling Green needs to enforce the separation of church and state and impose taxes on churches that politic from the pulpit","padkd","We need urban planning to ensure that mixed use housing, shopping and new neighborhoods are created to make our community better","",""
"205","shortlist","p8jmp","Bowling Green needs to enforce the separation of church and state and impose taxes on churches that politic from the pulpit","pahwq","Legalizing marijuana at the state level could produce substantial tax revenue, but if only BG did, it would cause problems.","",""
"206","shortlist","p8jmp","Bowling Green needs to enforce the separation of church and state and impose taxes on churches that politic from the pulpit","p9622","You shouldn't be required to pay County taxes if you live in the City (but not the other way around). It makes no sense.","",""
"207","shortlist","pppcy","All public schools should have an adequate summer feeding program so no child goes hungry.","p9v2v","some children with cultural differences or dietary needs cannot eat a typical lunch at school please provide special diet options.","",""
"208","shortlist","pppcy","All public schools should have an adequate summer feeding program so no child goes hungry.","pr4k5","Bowling Green should work on becoming a more food sustainable city with less food waste and food insecurity","",""
"209","shortlist","pppcy","All public schools should have an adequate summer feeding program so no child goes hungry.","puaak","Parents should be able to send their kids to the school district of their choice no matter where they live in Bowling Green/Warren County.","",""
"210","shortlist","pppcy","All public schools should have an adequate summer feeding program so no child goes hungry.","pz34c","Develop a manufacturing Work training program for jail inmates that qualify","",""
"211","shortlist","pppcy","All public schools should have an adequate summer feeding program so no child goes hungry.","pjzz6","The city and county work together to keep the low socieconomic status children out of certain schools. This reduces learning opportunities.","",""
"212","shortlist","pppcy","All public schools should have an adequate summer feeding program so no child goes hungry.","pzxfe","If private schools were to get a share of Federal or State education dollars, it would hurt public schools.","",""
"213","shortlist","pppcy","All public schools should have an adequate summer feeding program so no child goes hungry.","pinkj","Arts-based charter schools","",""
"214","shortlist","pppcy","All public schools should have an adequate summer feeding program so no child goes hungry.","pkezh","Public school systems need to provide more funding for art education programs, such as music, theater, and visual arts.","",""
"215","shortlist","pppcy","All public schools should have an adequate summer feeding program so no child goes hungry.","pdcp3","More local produce should be incorporated into public school's lunchrooms","",""
"216","shortlist","pppcy","All public schools should have an adequate summer feeding program so no child goes hungry.","piqt5","If we cut a major program, WKU would lose in the revenue the program brings in, ultimately costing more money.","",""
"217","shortlist","pppcy","All public schools should have an adequate summer feeding program so no child goes hungry.","picza","City residents do not receive adequate return on County Taxes paid.","",""
"218","shortlist","pppcy","All public schools should have an adequate summer feeding program so no child goes hungry.","p9ivq","Bowling Green should have more healthy/clean eating options for those who have limited diets.","",""
"219","shortlist","pppcy","All public schools should have an adequate summer feeding program so no child goes hungry.","pmjj8","We need more Community Farming Programs(where you pay farmers money up front and during harvest you get fresh fruits/veggies, eggs, etc)","",""
"220","shortlist","pppcy","All public schools should have an adequate summer feeding program so no child goes hungry.","pe262","WKU should upgrade their CIT program to keep up with the times","",""
"221","shortlist","pppcy","All public schools should have an adequate summer feeding program so no child goes hungry.","pv52p","The WKU Nursing Program should be expanded so we have more nurses","",""
"222","shortlist","pppcy","All public schools should have an adequate summer feeding program so no child goes hungry.","pt8p7","There should be more opportunities for the arts and sciences in the Housing Authority so the students there can rise above!","",""
"223","shortlist","pppcy","All public schools should have an adequate summer feeding program so no child goes hungry.","pf6t9","Bowling Green has many excellent non-public schools; more should be done to make these options available to diverse and low-income families.","",""
"224","shortlist","pppcy","All public schools should have an adequate summer feeding program so no child goes hungry.","pcura","Other counties have school at home on snow days so that kids do not have to make up days. This should be considered for here.","",""
"225","shortlist","pppcy","All public schools should have an adequate summer feeding program so no child goes hungry.","pqeuz","Arts education should be available in every school in Warren County and other surrounding areas.","",""
"226","shortlist","pppcy","All public schools should have an adequate summer feeding program so no child goes hungry.","p6kxg","High sugar items like pop tarts and chocolate muffins should not be a part of the public school breakfast menu","",""
"227","shortlist","pppcy","All public schools should have an adequate summer feeding program so no child goes hungry.","perix","Support non-public (or public charter) school choice options, and make choice viable for families of ALL income levels.","",""
"228","shortlist","pppcy","All public schools should have an adequate summer feeding program so no child goes hungry.","p3zeb","Post-secondary training programs for special education students.","",""
"229","shortlist","pppcy","All public schools should have an adequate summer feeding program so no child goes hungry.","pmti4","The city & county school districts need to be re-evaluated The yards/houses that touch Potter Grays playground r all County school districts","",""
"230","shortlist","pppcy","All public schools should have an adequate summer feeding program so no child goes hungry.","psh7u","Need new schools in Warren County to keep up with population growth, CTE is falling down, Drakes and Greenwood high are way overcrowded","",""
"231","shortlist","pppcy","All public schools should have an adequate summer feeding program so no child goes hungry.","pw6rb","No child should go hungry in Bowling Green / Warren County, and it is up to our officials to make sure it doesn’t happen.","",""
"232","shortlist","pppcy","All public schools should have an adequate summer feeding program so no child goes hungry.","phpnd","Insist that schools at all levels have daily physical activity for all students to help combat the childhood obesity crisis.","",""
"233","shortlist","pppcy","All public schools should have an adequate summer feeding program so no child goes hungry.","pki7f","Bowling Green needs more access to affordable , healthy, local food sources.","",""
"234","shortlist","pppcy","All public schools should have an adequate summer feeding program so no child goes hungry.","pjrqx","apartment complexes should be required to participate in recycling program","",""
"235","shortlist","pppcy","All public schools should have an adequate summer feeding program so no child goes hungry.","pmiqq","City schools should be redistricted to more evenly distribute the kids.","",""
"236","shortlist","pppcy","All public schools should have an adequate summer feeding program so no child goes hungry.","pek7k","Provide a food assistance program for college students as students lots of times do not qualify for food stamps due to living on campus","",""
"237","shortlist","pppcy","All public schools should have an adequate summer feeding program so no child goes hungry.","p34uw","Both school districts shamefully manipulate low economic status parents to gain Title I funding. It should stop.","",""
"238","shortlist","pppcy","All public schools should have an adequate summer feeding program so no child goes hungry.","pfsk9","Allow parents that take their kids out of public schools to use that money in a private school.","",""
"239","shortlist","pppcy","All public schools should have an adequate summer feeding program so no child goes hungry.","p5ryp","After school activity centers for youth with later hours of operation.","",""
"240","shortlist","pppcy","All public schools should have an adequate summer feeding program so no child goes hungry.","pirz4","All students in Warren county should have the best available education, not the Kentucky minimum, at all times.","",""
"241","shortlist","pppcy","All public schools should have an adequate summer feeding program so no child goes hungry.","ptahe","The lack of leadership regarding adequate planning and zoning in BG is discouraging.","",""
"242","shortlist","pppcy","All public schools should have an adequate summer feeding program so no child goes hungry.","pfin8","Community Education provides after-school care necessary to working parents. Funding should not be cut.","",""
"243","shortlist","pppcy","All public schools should have an adequate summer feeding program so no child goes hungry.","pp5rm","No family should be homeless in Bowling Green / Warren County, and it is up to our officials to make sure they have options for shelter.","",""
"244","shortlist","pppcy","All public schools should have an adequate summer feeding program so no child goes hungry.","pyr6n","Future charter schools would be a financial burden to public school funding, unless they are held to accountability by local school boards.","",""
"245","shortlist","pppcy","All public schools should have an adequate summer feeding program so no child goes hungry.","pkcbm","BG needs more Summer weekend festivals/activities","",""
"246","shortlist","pppcy","All public schools should have an adequate summer feeding program so no child goes hungry.","pcqfp","All schools in the county and city should work together to provide the same minimum level of education to students.","",""
"247","shortlist","pppcy","All public schools should have an adequate summer feeding program so no child goes hungry.","pjrdt","Improved businesses such as banks and groceries in lowest income areas","",""
"248","shortlist","p68um","Take advantage of the wonderful summers in KY and have more outdoor public swimming spaces","pe6hw","A kayak trail from Lampkin Park to Barren River. Improved River access.","",""
"249","shortlist","p68um","Take advantage of the wonderful summers in KY and have more outdoor public swimming spaces","p7438","The Barren River water front needs to be improved on both sides of the river and include canoeing and kayaking water features in the river.","",""
"250","shortlist","p68um","Take advantage of the wonderful summers in KY and have more outdoor public swimming spaces","ppgmg","parks and rec should promote and support pickleball for older citizens","",""
"251","shortlist","p68um","Take advantage of the wonderful summers in KY and have more outdoor public swimming spaces","pi9rk","Increase green spaces, especially near mall, to decrease congestion and improve ""green"" status","",""
"252","shortlist","p68um","Take advantage of the wonderful summers in KY and have more outdoor public swimming spaces","pu2fx","It should not take 3 months to get a gynecologist appointment in this city.","",""
"253","shortlist","p68um","Take advantage of the wonderful summers in KY and have more outdoor public swimming spaces","ph4wf","Something needs to be done with the river area- river walk, park, restaurants, summer events- to give the communities ways to get together.","",""
"254","shortlist","p68um","Take advantage of the wonderful summers in KY and have more outdoor public swimming spaces","pgdik","Please increase more family friendly activities","",""
"255","shortlist","p68um","Take advantage of the wonderful summers in KY and have more outdoor public swimming spaces","phc7j","Parking lots should be monitored to prevent illegal parking in handicap spaces.","",""
"256","shortlist","p68um","Take advantage of the wonderful summers in KY and have more outdoor public swimming spaces","pp8pk","Develop the Greenway so that the paved trail is continuous and reaches major parts of the city including the square, WKU, GM, and others.","",""
"257","shortlist","p68um","Take advantage of the wonderful summers in KY and have more outdoor public swimming spaces","ps8zr","Schools should provide an opportunity for nonswimming parent/guardians to have water safety and swimming lessons in private setting.","",""
"258","shortlist","p68um","Take advantage of the wonderful summers in KY and have more outdoor public swimming spaces","pfq4x","Complete the ky. 185 restructuring project.","",""
"259","shortlist","p68um","Take advantage of the wonderful summers in KY and have more outdoor public swimming spaces","p6quu","There should be something a work farm for local prisoners to learn to tend gardens, take care of livestock, and learn to be more useful.","",""
"260","shortlist","p68um","Take advantage of the wonderful summers in KY and have more outdoor public swimming spaces","pe3ap","Continue downtown development to the river. Tourists always seek out parks & restaurants near water.","",""
"261","shortlist","p68um","Take advantage of the wonderful summers in KY and have more outdoor public swimming spaces","p8usw","Local companies that can't fill job openings should recruit from parts of KY w/ high unemployment & pay relocation expenses.","",""
"262","shortlist","p68um","Take advantage of the wonderful summers in KY and have more outdoor public swimming spaces","pfnxw","City and county parks departments should provide more programming for adults and seniors.","",""
"263","shortlist","p68um","Take advantage of the wonderful summers in KY and have more outdoor public swimming spaces","p4p8j","There isn’t enough here to draw young families. We need a beautification of the riverfront and a more walkable city for young professionals","",""
"264","shortlist","p68um","Take advantage of the wonderful summers in KY and have more outdoor public swimming spaces","pq8wz","BG Parks needs more funding from City","",""
"265","shortlist","p68um","Take advantage of the wonderful summers in KY and have more outdoor public swimming spaces","pjk6d","There are large fees with the few currently available indoor pools.","",""
"266","shortlist","p68um","Take advantage of the wonderful summers in KY and have more outdoor public swimming spaces","pupnr","city officials might look into layoff practices on jobs in bowling green ky","",""
"267","shortlist","p68um","Take advantage of the wonderful summers in KY and have more outdoor public swimming spaces","p7ms9","City/county parks should be focused on creating and maintain green places for residents to join.Avoid cement parking and adding buildings","",""
"268","shortlist","p68um","Take advantage of the wonderful summers in KY and have more outdoor public swimming spaces","pkcbm","BG needs more Summer weekend festivals/activities","",""
"269","shortlist","p68um","Take advantage of the wonderful summers in KY and have more outdoor public swimming spaces","p6zka","Commitment to healthy lifestyles","",""
"270","shortlist","p68um","Take advantage of the wonderful summers in KY and have more outdoor public swimming spaces","p5ahf","Need more bike lanes and biker friendly resources","",""
"271","shortlist","p68um","Take advantage of the wonderful summers in KY and have more outdoor public swimming spaces","p2839","Developing more bike trails into surrounding areas of the city would allow for a more developed both transport and recreational experiences","",""
"272","shortlist","p68um","Take advantage of the wonderful summers in KY and have more outdoor public swimming spaces","p9ztq","There are no public adult swim facilities in Bowling Green for year around physical use. The Lovers Lane Complex should be made available","",""
"273","shortlist","p68um","Take advantage of the wonderful summers in KY and have more outdoor public swimming spaces","p6c95","BG needs an indoor tennis option","",""
"274","shortlist","p68um","Take advantage of the wonderful summers in KY and have more outdoor public swimming spaces","pcp9t","More walking/nature trails in our sports-centric parks. Have certain hours where walkers can enjoy the beauty of Paul Walker Golf Course.","",""
"275","shortlist","p68um","Take advantage of the wonderful summers in KY and have more outdoor public swimming spaces","pfsk9","Allow parents that take their kids out of public schools to use that money in a private school.","",""
"276","shortlist","p68um","Take advantage of the wonderful summers in KY and have more outdoor public swimming spaces","p4pb4","Every citizen should be within 1 mile of some shaded green space.","",""
"277","shortlist","p68um","Take advantage of the wonderful summers in KY and have more outdoor public swimming spaces","pkb9k","Bowling Green needs an indoor / outdoor sports event complex/","",""
"278","shortlist","p68um","Take advantage of the wonderful summers in KY and have more outdoor public swimming spaces","pneud","Every new apartment building should have shaded parklike space for refreshment of its tenants","",""
"279","shortlist","p68um","Take advantage of the wonderful summers in KY and have more outdoor public swimming spaces","pwsqv","Water safety and swim lessons to all k-12 students.","",""
"280","shortlist","p68um","Take advantage of the wonderful summers in KY and have more outdoor public swimming spaces","pvfj9","More green spaces. All of our parks have just become sports complexes!","",""
"281","shortlist","p68um","Take advantage of the wonderful summers in KY and have more outdoor public swimming spaces","pq3ad","More parking downtown. There are too many reserved spaces which should be available in the evening.","",""
"282","shortlist","p68um","Take advantage of the wonderful summers in KY and have more outdoor public swimming spaces","pgrkj","Indoor swimming pools for public use and therapy year around without time restrictions due to special swim leagues. Encourage healthier life","",""
"283","shortlist","ptcr8","Bowling Green needs more accessible programs for mentorships of young adults and teenagers.","pgdik","Please increase more family friendly activities","",""
"284","shortlist","ptcr8","Bowling Green needs more accessible programs for mentorships of young adults and teenagers.","p6jxh","Bowling Green should try to emulate Owensboro's Friday night programs downtown.","",""
"285","shortlist","ptcr8","Bowling Green needs more accessible programs for mentorships of young adults and teenagers.","pd4in","There should be a push to improve mental health awareness and availability in Bowling Green.","",""
"286","shortlist","ptcr8","Bowling Green needs more accessible programs for mentorships of young adults and teenagers.","pjrwf","Higher education is intended to help young people develop into informed, well-rounded citizens who contribute positively to society.","",""
"287","shortlist","ptcr8","Bowling Green needs more accessible programs for mentorships of young adults and teenagers.","pgzys","Rental assistance programs","",""
"288","shortlist","ptcr8","Bowling Green needs more accessible programs for mentorships of young adults and teenagers.","pcvs4","Institute a business development grant that encourages WKU grads to stay in Bowling Green by starting local businesses.","",""
"289","shortlist","ptcr8","Bowling Green needs more accessible programs for mentorships of young adults and teenagers.","pf6t9","Bowling Green has many excellent non-public schools; more should be done to make these options available to diverse and low-income families.","",""
"290","shortlist","ptcr8","Bowling Green needs more accessible programs for mentorships of young adults and teenagers.","pki7f","Bowling Green needs more access to affordable , healthy, local food sources.","",""
"291","shortlist","ptcr8","Bowling Green needs more accessible programs for mentorships of young adults and teenagers.","pcq7d","We need more activities/places to go for teenagers; basically all there is are places to eat, the mall, and the bowling alley","",""
"292","shortlist","ptcr8","Bowling Green needs more accessible programs for mentorships of young adults and teenagers.","pek7k","Provide a food assistance program for college students as students lots of times do not qualify for food stamps due to living on campus","",""
"293","shortlist","ptcr8","Bowling Green needs more accessible programs for mentorships of young adults and teenagers.","pwnap","Invest in the youth.","",""
"294","shortlist","ptcr8","Bowling Green needs more accessible programs for mentorships of young adults and teenagers.","prqiv","We need to commit more resources to the North-Northeast ends of town. Blue collar people who help make Bowling Green what is. Too neglected.","",""
"295","shortlist","ptcr8","Bowling Green needs more accessible programs for mentorships of young adults and teenagers.","ps5tz","More technical education programs for non-graduates of high school","",""
"296","shortlist","ptcr8","Bowling Green needs more accessible programs for mentorships of young adults and teenagers.","pdckg","Affordable supports for the elderly and aging population are needed in our community.","",""
"297","shortlist","ptcr8","Bowling Green needs more accessible programs for mentorships of young adults and teenagers.","p5at5","Downtown redevelopment should retain accessible parking for existing businesses.","",""
"298","shortlist","ptcr8","Bowling Green needs more accessible programs for mentorships of young adults and teenagers.","pt8p7","There should be more opportunities for the arts and sciences in the Housing Authority so the students there can rise above!","",""
"299","shortlist","ptcr8","Bowling Green needs more accessible programs for mentorships of young adults and teenagers.","pkg36","Bowling Green needs Community Enrichment Classes that include woodworking, welding, gardening and general home beautification for hobbyist.","",""
"300","shortlist","ptcr8","Bowling Green needs more accessible programs for mentorships of young adults and teenagers.","pi4h5","BG can’t compete with Nashville or Louisville for young professionals","",""
"301","shortlist","ptcr8","Bowling Green needs more accessible programs for mentorships of young adults and teenagers.","p3zeb","Post-secondary training programs for special education students.","",""
"302","shortlist","ptcr8","Bowling Green needs more accessible programs for mentorships of young adults and teenagers.","pbzyn","Provide accessible transportation for seniors that have difficulty driving","",""
"303","shortlist","ptcr8","Bowling Green needs more accessible programs for mentorships of young adults and teenagers.","p2w5z","For a city of this size, there is too little available in the way of weekend activities for Seniors who are not ready for rocking chairs.","",""
"304","shortlist","ptcr8","Bowling Green needs more accessible programs for mentorships of young adults and teenagers.","pqra3","Need a better way to work with tenants in the downtown district. Too many come and go because they lack business skills.","",""
"305","shortlist","ptcr8","Bowling Green needs more accessible programs for mentorships of young adults and teenagers.","pgcmd","Bowling Green needs more cultural and educational establishments, like sciemce, history and art museums.","",""
"306","shortlist","ptcr8","Bowling Green needs more accessible programs for mentorships of young adults and teenagers.","phtsf","The face of drug dealers has changed. Today most opioid drug dealers are doctors or teenagers in the suburbs ordering from China.","",""
"307","shortlist","ptcr8","Bowling Green needs more accessible programs for mentorships of young adults and teenagers.","p6u6a","Local government, for profit and non profits should work together on housing and economic equality","",""
"308","shortlist","ptcr8","Bowling Green needs more accessible programs for mentorships of young adults and teenagers.","psebg","More weekend activites are needed for YOUNG Seniors, who arent yet ready for Bingo nights.","",""
"309","shortlist","ptcr8","Bowling Green needs more accessible programs for mentorships of young adults and teenagers.","p5ryp","After school activity centers for youth with later hours of operation.","",""
"310","shortlist","ptcr8","Bowling Green needs more accessible programs for mentorships of young adults and teenagers.","p6j9p","I would like to see more aid for the homeless whether: tiny house park, health clinic, rehabilitation, job readiness sources.","",""
"311","shortlist","ptcr8","Bowling Green needs more accessible programs for mentorships of young adults and teenagers.","p6wtw","Educate high schoolers on their options after they graduate","",""
"312","shortlist","ptcr8","Bowling Green needs more accessible programs for mentorships of young adults and teenagers.","p4p8j","There isn’t enough here to draw young families. We need a beautification of the riverfront and a more walkable city for young professionals","",""
"313","shortlist","ptcr8","Bowling Green needs more accessible programs for mentorships of young adults and teenagers.","pe9wi","More youth programs are needed to bring the community together: volunteer organizations, community service, innovative creations labs","",""
"314","shortlist","ptcr8","Bowling Green needs more accessible programs for mentorships of young adults and teenagers.","pbm45","We need to focus more on the existing housing in BG, including renovations and improvements.","",""
"315","shortlist","ptcr8","Bowling Green needs more accessible programs for mentorships of young adults and teenagers.","pu2qt","More free meeting space for nonprofits.","",""
"316","shortlist","ptcr8","Bowling Green needs more accessible programs for mentorships of young adults and teenagers.","pqeuz","Arts education should be available in every school in Warren County and other surrounding areas.","",""
"317","shortlist","ptcr8","Bowling Green needs more accessible programs for mentorships of young adults and teenagers.","pq457","Need comprehesive probation rehab programs - include addiction treatment, life & job skills & ideas securing housing, training/job etc","",""
"318","shortlist","ptcr8","Bowling Green needs more accessible programs for mentorships of young adults and teenagers.","phceg","We need jobs to attract our own college educated students so they don’t leave to get better paying jobs","",""
"319","shortlist","ptcr8","Bowling Green needs more accessible programs for mentorships of young adults and teenagers.","pj74t","Parking on the WKU campus should be more accessible to students and visitors.","",""
"320","shortlist","ptcr8","Bowling Green needs more accessible programs for mentorships of young adults and teenagers.","pee6u","More creative learning classes","",""
"321","shortlist","ptcr8","Bowling Green needs more accessible programs for mentorships of young adults and teenagers.","pptwk","There should be more cooperation between WKU and Bowling Green, especially for things like internships and community involvement.","",""
"322","shortlist","ptcr8","Bowling Green needs more accessible programs for mentorships of young adults and teenagers.","pfnxw","City and county parks departments should provide more programming for adults and seniors.","",""
"323","shortlist","ptcr8","Bowling Green needs more accessible programs for mentorships of young adults and teenagers.","piq5m","Job training programs for lower income","",""
"324","shortlist","pu3fh","We need more things to do for ages 1-6. A children’s museum or a small science museum would be wonderful.","pkb9k","Bowling Green needs an indoor / outdoor sports event complex/","",""
"325","shortlist","pu3fh","We need more things to do for ages 1-6. A children’s museum or a small science museum would be wonderful.","pgcmd","Bowling Green needs more cultural and educational establishments, like sciemce, history and art museums.","",""
"326","shortlist","pu3fh","We need more things to do for ages 1-6. A children’s museum or a small science museum would be wonderful.","pfarp","Actually teach HS students useful things.","",""
"327","shortlist","pu3fh","We need more things to do for ages 1-6. A children’s museum or a small science museum would be wonderful.","pg99d","Local food and small farms are one of BG best attractions.","",""
"328","shortlist","pu3fh","We need more things to do for ages 1-6. A children’s museum or a small science museum would be wonderful.","pptwk","There should be more cooperation between WKU and Bowling Green, especially for things like internships and community involvement.","",""
"329","shortlist","pu3fh","We need more things to do for ages 1-6. A children’s museum or a small science museum would be wonderful.","pehyf","The arts are an important component of K-12 education.","",""
"330","shortlist","pu3fh","We need more things to do for ages 1-6. A children’s museum or a small science museum would be wonderful.","pee6u","More creative learning classes","",""
"331","shortlist","pu3fh","We need more things to do for ages 1-6. A children’s museum or a small science museum would be wonderful.","p7mfn","When you prioritize the safety of people over automobile speed, all kinds of positive things happen. #slowthecars","",""
"332","shortlist","pu3fh","We need more things to do for ages 1-6. A children’s museum or a small science museum would be wonderful.","pb6y8","The arts enrich our city.","",""
"333","shortlist","pu3fh","We need more things to do for ages 1-6. A children’s museum or a small science museum would be wonderful.","pcq7d","We need more activities/places to go for teenagers; basically all there is are places to eat, the mall, and the bowling alley","",""
"334","shortlist","pu3fh","We need more things to do for ages 1-6. A children’s museum or a small science museum would be wonderful.","pfnxw","City and county parks departments should provide more programming for adults and seniors.","",""
"335","shortlist","pu3fh","We need more things to do for ages 1-6. A children’s museum or a small science museum would be wonderful.","pqeuz","Arts education should be available in every school in Warren County and other surrounding areas.","",""
"336","shortlist","pu3fh","We need more things to do for ages 1-6. A children’s museum or a small science museum would be wonderful.","psebg","More weekend activites are needed for YOUNG Seniors, who arent yet ready for Bingo nights.","",""
"337","shortlist","pu3fh","We need more things to do for ages 1-6. A children’s museum or a small science museum would be wonderful.","p95zh","There should be no punishment for small amounts of marijuana possession, in my opinion","",""
"338","shortlist","pu3fh","We need more things to do for ages 1-6. A children’s museum or a small science museum would be wonderful.","pw6sg","Big names and corporations get away with too much. We need fairer regulation and level playing fields for the small and big guys alike.","",""
"339","shortlist","pu3fh","We need more things to do for ages 1-6. A children’s museum or a small science museum would be wonderful.","p2w5z","For a city of this size, there is too little available in the way of weekend activities for Seniors who are not ready for rocking chairs.","",""
"340","shortlist","pu3fh","We need more things to do for ages 1-6. A children’s museum or a small science museum would be wonderful.","pu4rv","Multi-use sidewalks should have fixtures for skateboards, bikes like small ramps etc.","",""
"341","shortlist","pu3fh","We need more things to do for ages 1-6. A children’s museum or a small science museum would be wonderful.","pvfj9","More green spaces. All of our parks have just become sports complexes!","",""
"342","shortlist","pu3fh","We need more things to do for ages 1-6. A children’s museum or a small science museum would be wonderful.","pvzkv","If people are suggesting more advertising for tourists, there needs to be things for tourists to do.","",""
"343","shortlist","pu3fh","We need more things to do for ages 1-6. A children’s museum or a small science museum would be wonderful.","pf6t9","Bowling Green has many excellent non-public schools; more should be done to make these options available to diverse and low-income families.","",""
"344","shortlist","pu3fh","We need more things to do for ages 1-6. A children’s museum or a small science museum would be wonderful.","ptzfk","A favorite place to visit (elsewhere) is a park filled with gently used toys (donated). It inspires imagination, creativity and sharing.","",""
"345","shortlist","pu3fh","We need more things to do for ages 1-6. A children’s museum or a small science museum would be wonderful.","pkcbm","BG needs more Summer weekend festivals/activities","",""
"346","shortlist","pu3fh","We need more things to do for ages 1-6. A children’s museum or a small science museum would be wonderful.","pt8p7","There should be more opportunities for the arts and sciences in the Housing Authority so the students there can rise above!","",""
"347","shortlist","pu3fh","We need more things to do for ages 1-6. A children’s museum or a small science museum would be wonderful.","pgpz3","Planning and zoning laws should change to encourage small businesses and farms.","",""
"348","shortlist","pu3fh","We need more things to do for ages 1-6. A children’s museum or a small science museum would be wonderful.","pgyhw","Better incorporation of university resources in community, including Kentucky Museum.","",""
"349","shortlist","pu3fh","We need more things to do for ages 1-6. A children’s museum or a small science museum would be wonderful.","pjzz6","The city and county work together to keep the low socieconomic status children out of certain schools. This reduces learning opportunities.","",""
"350","shortlist","pu3fh","We need more things to do for ages 1-6. A children’s museum or a small science museum would be wonderful.","p5ehs","Bowling Green needs more indoor sports facilities, particularly a large complex with multiple indoor soccer fields, for youth.","",""
"351","shortlist","pu3fh","We need more things to do for ages 1-6. A children’s museum or a small science museum would be wonderful.","p3y3b","Build more roads!!! Traffic is terrible here for a small city.","",""
"352","shortlist","pu3fh","We need more things to do for ages 1-6. A children’s museum or a small science museum would be wonderful.","p5ryp","After school activity centers for youth with later hours of operation.","",""
"353","shortlist","pu3fh","We need more things to do for ages 1-6. A children’s museum or a small science museum would be wonderful.","ph4wf","Something needs to be done with the river area- river walk, park, restaurants, summer events- to give the communities ways to get together.","",""
"354","shortlist","pu3fh","We need more things to do for ages 1-6. A children’s museum or a small science museum would be wonderful.","pwnap","Invest in the youth.","",""
"355","shortlist","pu3fh","We need more things to do for ages 1-6. A children’s museum or a small science museum would be wonderful.","pgdik","Please increase more family friendly activities","",""
"356","shortlist","pu3fh","We need more things to do for ages 1-6. A children’s museum or a small science museum would be wonderful.","pzxze","There are not enough family-centered activities to do down town.","",""
"357","shortlist","pu3fh","We need more things to do for ages 1-6. A children’s museum or a small science museum would be wonderful.","p4p8j","There isn’t enough here to draw young families. We need a beautification of the riverfront and a more walkable city for young professionals","",""
"358","shortlist","pu3fh","We need more things to do for ages 1-6. A children’s museum or a small science museum would be wonderful.","pbqst","Need engaging art installations throughout the city. People will be able to experience art, have fun, and share on social media.","",""
"359","shortlist","pu3fh","We need more things to do for ages 1-6. A children’s museum or a small science museum would be wonderful.","pamph","We need more activities for families, such as a large-scale all-in-one kids play arena like All About Kids.","",""
"360","shortlist","pu3fh","We need more things to do for ages 1-6. A children’s museum or a small science museum would be wonderful.","pk22m","Publicizing more cultural activities other than the Bowling Green International Festival.","",""
"361","shortlist","pu3fh","We need more things to do for ages 1-6. A children’s museum or a small science museum would be wonderful.","pe9wi","More youth programs are needed to bring the community together: volunteer organizations, community service, innovative creations labs","",""
"362","shortlist","pu3fh","We need more things to do for ages 1-6. A children’s museum or a small science museum would be wonderful.","pinkj","Arts-based charter schools","",""
"363","shortlist","pqeyn","We need to carefully preserve agricultural land","pg2kz","Too much money is spent on making sure we cut our grass and don't park in the yard.","",""
"364","shortlist","pqeyn","We need to carefully preserve agricultural land","p5rmi","We need to promote competition in town for Charter. AT&T isn't much better and doesn't serve everywhere. Need more fiber to the homes.","",""
"365","shortlist","pqeyn","We need to carefully preserve agricultural land","pqaaf","Urban sprawl in Bowling Green is a major problem that has made this city less walking/bike friendly.","",""
"366","shortlist","pqeyn","We need to carefully preserve agricultural land","pgvyh","Shade trees should be required plantings along all Greenways","",""
"367","shortlist","pqeyn","We need to carefully preserve agricultural land","pvfj9","More green spaces. All of our parks have just become sports complexes!","",""
"368","shortlist","pqeyn","We need to carefully preserve agricultural land","pbm45","We need to focus more on the existing housing in BG, including renovations and improvements.","",""
"369","shortlist","pqeyn","We need to carefully preserve agricultural land","pgdik","Please increase more family friendly activities","",""
"370","shortlist","pqeyn","We need to carefully preserve agricultural land","p6quu","There should be something a work farm for local prisoners to learn to tend gardens, take care of livestock, and learn to be more useful.","",""
"371","shortlist","pqeyn","We need to carefully preserve agricultural land","p64wt","More affordable home ownership options.","",""
"372","shortlist","pqeyn","We need to carefully preserve agricultural land","pvxt4","We need a health food store.","",""
"373","shortlist","pqeyn","We need to carefully preserve agricultural land","phceg","We need jobs to attract our own college educated students so they don’t leave to get better paying jobs","",""
"374","shortlist","pqeyn","We need to carefully preserve agricultural land","pjq68","More citizens need to be involved in the future development of BG. Too many developers who benefit financially are calling the shots.","",""
"375","shortlist","pqeyn","We need to carefully preserve agricultural land","pntww","We need more pet stores","",""
"376","shortlist","pqeyn","We need to carefully preserve agricultural land","pi9rk","Increase green spaces, especially near mall, to decrease congestion and improve ""green"" status","",""
"377","shortlist","pqeyn","We need to carefully preserve agricultural land","p6k4e","Beautification projects and other quality-of-life enhancements like parks and libraries help attract new residents and industries to our city/county.","",""
"378","shortlist","pqeyn","We need to carefully preserve agricultural land","pmk7t","Too many trees have been torn down to make way for new developments. We should re-plant more trees around Bowling Green.","",""
"379","shortlist","pqeyn","We need to carefully preserve agricultural land","pb8qj","Recycling services need to be expanded & improved. With growing population, think of how much land will become dump sites...Ridiculous!","",""
"380","shortlist","pqeyn","We need to carefully preserve agricultural land","pi4wj","We need a real bus system.","",""
"381","shortlist","pqeyn","We need to carefully preserve agricultural land","paxtf","We need a fiber option for internet.","",""
"382","shortlist","pqeyn","We need to carefully preserve agricultural land","p3cst","We need more mixed-use developments so people live closely to all basic needs. Mix business and residential zones and increase walkability.","",""
"383","shortlist","pqeyn","We need to carefully preserve agricultural land","p7ms9","City/county parks should be focused on creating and maintain green places for residents to join.Avoid cement parking and adding buildings","",""
"384","shortlist","pqeyn","We need to carefully preserve agricultural land","pmjj8","We need more Community Farming Programs(where you pay farmers money up front and during harvest you get fresh fruits/veggies, eggs, etc)","",""
"385","shortlist","pqeyn","We need to carefully preserve agricultural land","puyc3","We need to renovate the run down businesses and store fronts, instead of building new places","",""
"386","shortlist","pqeyn","We need to carefully preserve agricultural land","p23xg","Whenever land is bought by the city/county, the seller and amount sold for needs to be transparent, rather than “LLC” as listed seller.","",""
"387","shortlist","pqeyn","We need to carefully preserve agricultural land","prqiv","We need to commit more resources to the North-Northeast ends of town. Blue collar people who help make Bowling Green what is. Too neglected.","",""
"388","shortlist","pqeyn","We need to carefully preserve agricultural land","pxg44","Bowling green needs to work in beautifying the city . More Boulvard like roads with planted flowers and reducing overhead utility clusters.","",""
"389","shortlist","pqeyn","We need to carefully preserve agricultural land","p5rtq","We are loosing the city’s long established neighborhoods to multi family developments that do not fit in with the single family residences","",""
"390","shortlist","pqeyn","We need to carefully preserve agricultural land","pgpz3","Planning and zoning laws should change to encourage small businesses and farms.","",""
"391","shortlist","pqeyn","We need to carefully preserve agricultural land","p72fq","Local fuel prices need to investigated.","",""
"392","shortlist","pqeyn","We need to carefully preserve agricultural land","ppct5","Bowling Green should have basic zoning mandates in order to beautify decrepit buildings/gravel lawns/general trashiness.","",""
"393","shortlist","pqeyn","We need to carefully preserve agricultural land","p6twv","City Annexed areas need more city services for their tax $$.","",""
"394","shortlist","pqeyn","We need to carefully preserve agricultural land","pdcp3","More local produce should be incorporated into public school's lunchrooms","",""
"395","shortlist","pqeyn","We need to carefully preserve agricultural land","phsyb","Prevent the development of new housing areas, especially in farm land areas.","",""
"396","shortlist","pqeyn","We need to carefully preserve agricultural land","p2ib2","City School taxes are too high , they need to budget more","",""
"397","shortlist","pqeyn","We need to carefully preserve agricultural land","pu9z9","The travesty going up on Fairview Ave. should never have been allowed","",""
"398","shortlist","pqeyn","We need to carefully preserve agricultural land","pjbzz","Need to build wider access roads into the city!","",""
"399","shortlist","pqeyn","We need to carefully preserve agricultural land","p3285","We need a WHOLE FOOD store.","",""
"400","shortlist","pqeyn","We need to carefully preserve agricultural land","pnukd","Historic preservation of homes and buildings needs countywide attention to maintain our unique architectural heritage.","",""
"401","shortlist","pqeyn","We need to carefully preserve agricultural land","psbcj","I would like to see a sift in city planning and zoning to make BG a more walkable city with better sidewalk planning","",""
"402","shortlist","pqeyn","We need to carefully preserve agricultural land","pr4k5","Bowling Green should work on becoming a more food sustainable city with less food waste and food insecurity","",""
"403","shortlist","pqeyn","We need to carefully preserve agricultural land","p5ctb","We should think about moving the airport. Too much high dollar land going to waste right now.","",""
"404","shortlist","pqeyn","We need to carefully preserve agricultural land","p6zka","Commitment to healthy lifestyles","",""
"405","shortlist","pqeyn","We need to carefully preserve agricultural land","pg99d","Local food and small farms are one of BG best attractions.","",""
"406","shortlist","pqeyn","We need to carefully preserve agricultural land","ptahe","The lack of leadership regarding adequate planning and zoning in BG is discouraging.","",""
"407","shortlist","pqeyn","We need to carefully preserve agricultural land","pki7f","Bowling Green needs more access to affordable , healthy, local food sources.","",""
"408","shortlist","pqeyn","We need to carefully preserve agricultural land","padkd","We need urban planning to ensure that mixed use housing, shopping and new neighborhoods are created to make our community better","",""
"409","shortlist","pns2r","Farmers shouldn’t need a permit to build a fence.","pkp8t","New home zoning should be for single family dwellings rather than multi-family units (apartments).","",""
"410","shortlist","pns2r","Farmers shouldn’t need a permit to build a fence.","phfba","Bowling Green needs stricter code enforcement on property use and condition in some neighborhoods.","",""
"411","shortlist","pns2r","Farmers shouldn’t need a permit to build a fence.","p3285","We need a WHOLE FOOD store.","",""
"412","shortlist","pns2r","Farmers shouldn’t need a permit to build a fence.","p6quu","There should be something a work farm for local prisoners to learn to tend gardens, take care of livestock, and learn to be more useful.","",""
"413","shortlist","pns2r","Farmers shouldn’t need a permit to build a fence.","p8zq7","Build parking garage behind Spencer’s, remove some parking from Ft. Square. Add a green space on top of garage! Soccer field or rooftop food","",""
"414","shortlist","pns2r","Farmers shouldn’t need a permit to build a fence.","pe3gy","New developments should not be approved unless roads and infrastructure capable of handling them are in place.","",""
"415","shortlist","pns2r","Farmers shouldn’t need a permit to build a fence.","pzvz6","People should not be allowed to bring their pets every place or store they go to.","",""
"416","shortlist","pns2r","Farmers shouldn’t need a permit to build a fence.","pbxwr","Planning & Zoning need to do a better job of listening & working with residents. It's not next to their house, so they don't care!","",""
"417","shortlist","pns2r","Farmers shouldn’t need a permit to build a fence.","pjbzz","Need to build wider access roads into the city!","",""
"418","shortlist","pns2r","Farmers shouldn’t need a permit to build a fence.","phsyb","Prevent the development of new housing areas, especially in farm land areas.","",""
"419","shortlist","pns2r","Farmers shouldn’t need a permit to build a fence.","p9j36","Better ordinances on keeping animals on leashes or in fenced areas are needed.","",""
"420","shortlist","pns2r","Farmers shouldn’t need a permit to build a fence.","pgpz3","Planning and zoning laws should change to encourage small businesses and farms.","",""
"421","shortlist","pns2r","Farmers shouldn’t need a permit to build a fence.","p78vr","Build a homeless park w/tiny homes so they can live & not suffer. There should also be a main house to can receive/organize donations","",""
"422","shortlist","pns2r","Farmers shouldn’t need a permit to build a fence.","pw8ht","Doctors should not overreact to the opioid crisis. People in pain shouldn't suffer because others lack self control and abuse the system.","",""
"423","shortlist","pns2r","Farmers shouldn’t need a permit to build a fence.","p3y3b","Build more roads!!! Traffic is terrible here for a small city.","",""
"424","shortlist","pns2r","Farmers shouldn’t need a permit to build a fence.","ppct5","Bowling Green should have basic zoning mandates in order to beautify decrepit buildings/gravel lawns/general trashiness.","",""
"425","shortlist","pns2r","Farmers shouldn’t need a permit to build a fence.","p89sh","Build parking areas.","",""
"426","shortlist","pns2r","Farmers shouldn’t need a permit to build a fence.","pntww","We need more pet stores","",""
"427","shortlist","pns2r","Farmers shouldn’t need a permit to build a fence.","pzaca","Bowling Green should spend less time redoing the same sidewalks over and over again and focus on the areas that actually need improvement.","",""
"428","shortlist","pns2r","Farmers shouldn’t need a permit to build a fence.","pbx3e","Zoning changes should only be made with the consent of a majority of the neighbors in the affected area.","",""
"429","shortlist","pns2r","Farmers shouldn’t need a permit to build a fence.","pjtja","Fines and other enforcement actions should be taken against landlords who don't keep up with their properties.","",""
"430","shortlist","pns2r","Farmers shouldn’t need a permit to build a fence.","pgw6z","Pass a No animals on chains in the county.","",""
"431","shortlist","pns2r","Farmers shouldn’t need a permit to build a fence.","pcare","There should never be a leash law in the county - neighborhood dogs protect, play with and teach kids. It was a factor in living in county.","",""
"432","shortlist","pns2r","Farmers shouldn’t need a permit to build a fence.","p7eqj","Allow residence of an area to vote on new developments that might have impact on them opposed to commissioners/magistrates getting kickbacks","",""
"433","shortlist","pns2r","Farmers shouldn’t need a permit to build a fence.","pgdsd","The city of Bowling Green should enforce their existing noise ordinance.","",""
"434","shortlist","pns2r","Farmers shouldn’t need a permit to build a fence.","pi4wj","We need a real bus system.","",""
"435","shortlist","pns2r","Farmers shouldn’t need a permit to build a fence.","pki7f","Bowling Green needs more access to affordable , healthy, local food sources.","",""
"436","shortlist","pns2r","Farmers shouldn’t need a permit to build a fence.","pcrhx","City/county leaders should be cautious of ""build it and they will come"" mentality for growth and development.","",""
"437","shortlist","pns2r","Farmers shouldn’t need a permit to build a fence.","pg99d","Local food and small farms are one of BG best attractions.","",""
"438","shortlist","pns2r","Farmers shouldn’t need a permit to build a fence.","pv2a8","When the city tears up lawns with projects they should be required to do what it takes so that lawns are same quality they were before.","",""
"439","shortlist","pns2r","Farmers shouldn’t need a permit to build a fence.","puhdq","New buildings should not be built right up to the sidewalk to inhibit seeing around corners when driving.","",""
"440","shortlist","pns2r","Farmers shouldn’t need a permit to build a fence.","pg2kz","Too much money is spent on making sure we cut our grass and don't park in the yard.","",""
"441","shortlist","pns2r","Farmers shouldn’t need a permit to build a fence.","pu9z9","The travesty going up on Fairview Ave. should never have been allowed","",""
"442","shortlist","pns2r","Farmers shouldn’t need a permit to build a fence.","p9622","You shouldn't be required to pay County taxes if you live in the City (but not the other way around). It makes no sense.","",""
"443","shortlist","pns2r","Farmers shouldn’t need a permit to build a fence.","paxtf","We need a fiber option for internet.","",""
"444","shortlist","pns2r","Farmers shouldn’t need a permit to build a fence.","p3et2","Relax restrictions on fencing in Home Owners Associations to promote people keeping animals on leashes or in fenced yards.","",""
"445","shortlist","pns2r","Farmers shouldn’t need a permit to build a fence.","pkkkz","A city should have the right to declare itself a sanctuary city.","",""
"446","shortlist","pns2r","Farmers shouldn’t need a permit to build a fence.","p9ujh","Lease laws should be enacted and enforced in the county as they are in the city.","",""
"447","shortlist","pns2r","Farmers shouldn’t need a permit to build a fence.","py2mw","I should be allowed to keep my yard & home in any manner I please.","",""
"448","shortlist","pns2r","Farmers shouldn’t need a permit to build a fence.","pp2tr","Building codes prohibiting trophy houses next to common housing","",""
"449","shortlist","pns2r","Farmers shouldn’t need a permit to build a fence.","pgpc7","Parking in apartment subdivisions should monitored closely by police. Parking on subdivision streets shouldn't be allowed.","",""
"450","shortlist","pns2r","Farmers shouldn’t need a permit to build a fence.","pkeaq","Leash laws should be more strictly enforced in both the city and county","",""
"451","shortlist","pns2r","Farmers shouldn’t need a permit to build a fence.","pmjj8","We need more Community Farming Programs(where you pay farmers money up front and during harvest you get fresh fruits/veggies, eggs, etc)","",""
"452","shortlist","pns2r","Farmers shouldn’t need a permit to build a fence.","pgxi5","I should be allowed to plant flowers in my own yard where ever i want them.","",""
"453","shortlist","pns2r","Farmers shouldn’t need a permit to build a fence.","p8ce7","Build and improve sidewalks in the area of Magnolia Street and 13th to Cabell Drive area for the heavy pedestrian traffic there.","",""
"454","shortlist","pns2r","Farmers shouldn’t need a permit to build a fence.","pjq68","More citizens need to be involved in the future development of BG. Too many developers who benefit financially are calling the shots.","",""
"455","shortlist","pns2r","Farmers shouldn’t need a permit to build a fence.","pd9yv","Noise ordinances should be enacted and enforced in the county as they are in the city.","",""
"456","shortlist","pxn3z","city needs to work on water run off when we have a lot of rain.. to many places flood on roadways makes driving very dangerous..","pr7y3","New developments should help pay to widen the roads in the areas where they are increasing traffic.","",""
"457","shortlist","pxn3z","city needs to work on water run off when we have a lot of rain.. to many places flood on roadways makes driving very dangerous..","ppz44","the Bark Park needs more trees and water access for the smaller dogs area","",""
"458","shortlist","pxn3z","city needs to work on water run off when we have a lot of rain.. to many places flood on roadways makes driving very dangerous..","p9md3","County needs to extend water lines in Tuckertown area. About a dozen homes don't have county water or fire hydrants!","",""
"459","shortlist","pxn3z","city needs to work on water run off when we have a lot of rain.. to many places flood on roadways makes driving very dangerous..","pzaca","Bowling Green should spend less time redoing the same sidewalks over and over again and focus on the areas that actually need improvement.","",""
"460","shortlist","pxn3z","city needs to work on water run off when we have a lot of rain.. to many places flood on roadways makes driving very dangerous..","p5ahf","Need more bike lanes and biker friendly resources","",""
"461","shortlist","pxn3z","city needs to work on water run off when we have a lot of rain.. to many places flood on roadways makes driving very dangerous..","pvq7m","many parts of the By-pass can and should be widened","",""
"462","shortlist","pxn3z","city needs to work on water run off when we have a lot of rain.. to many places flood on roadways makes driving very dangerous..","padkd","We need urban planning to ensure that mixed use housing, shopping and new neighborhoods are created to make our community better","",""
"463","shortlist","pxn3z","city needs to work on water run off when we have a lot of rain.. to many places flood on roadways makes driving very dangerous..","pxgee","24hr parks would be a huge, and relatively inexpensive, benefit for the many people in our community who work 2nd and 3rd shifts.","",""
"464","shortlist","pxn3z","city needs to work on water run off when we have a lot of rain.. to many places flood on roadways makes driving very dangerous..","pfuyd","big projeck in city sould be vote by people","",""
"465","shortlist","pxn3z","city needs to work on water run off when we have a lot of rain.. to many places flood on roadways makes driving very dangerous..","peety","Everyone needs to research (fluoride)...definitely need this to disappear from our water","",""
"466","shortlist","pxn3z","city needs to work on water run off when we have a lot of rain.. to many places flood on roadways makes driving very dangerous..","ph4wf","Something needs to be done with the river area- river walk, park, restaurants, summer events- to give the communities ways to get together.","",""
"467","shortlist","pxn3z","city needs to work on water run off when we have a lot of rain.. to many places flood on roadways makes driving very dangerous..","pv2a8","When the city tears up lawns with projects they should be required to do what it takes so that lawns are same quality they were before.","",""
"468","shortlist","pxn3z","city needs to work on water run off when we have a lot of rain.. to many places flood on roadways makes driving very dangerous..","pxg44","Bowling green needs to work in beautifying the city . More Boulvard like roads with planted flowers and reducing overhead utility clusters.","",""
"469","shortlist","pxn3z","city needs to work on water run off when we have a lot of rain.. to many places flood on roadways makes driving very dangerous..","p2a6v","Sewer should be required to be run to all new subdivisions and cost should be split between city/county water systems and builders","",""
"470","shortlist","pxn3z","city needs to work on water run off when we have a lot of rain.. to many places flood on roadways makes driving very dangerous..","p2hhq","The feeder road at Shive Lane and Scottsville Road need to be closed off. It is very dangerous.","",""
"471","shortlist","pxn3z","city needs to work on water run off when we have a lot of rain.. to many places flood on roadways makes driving very dangerous..","puyc3","We need to renovate the run down businesses and store fronts, instead of building new places","",""
"472","shortlist","pxn3z","city needs to work on water run off when we have a lot of rain.. to many places flood on roadways makes driving very dangerous..","pqaaf","Urban sprawl in Bowling Green is a major problem that has made this city less walking/bike friendly.","",""
"473","shortlist","pxn3z","city needs to work on water run off when we have a lot of rain.. to many places flood on roadways makes driving very dangerous..","pgj3y","Install new sidewalks along major roads, like Three Springs, and city-wide bike routes, to decrease likelihood of accidents","",""
"474","shortlist","pxn3z","city needs to work on water run off when we have a lot of rain.. to many places flood on roadways makes driving very dangerous..","pe54w","Work needs to be done on improving litter pick up and encouraging people dispose of their litter correctly.","",""
"475","shortlist","pxn3z","city needs to work on water run off when we have a lot of rain.. to many places flood on roadways makes driving very dangerous..","p49kb","Driving in this town very dangerous, Drivers Education classes should be required for all new drivers!!!","",""
"476","shortlist","pxn3z","city needs to work on water run off when we have a lot of rain.. to many places flood on roadways makes driving very dangerous..","p3y3b","Build more roads!!! Traffic is terrible here for a small city.","",""
"477","shortlist","pxn3z","city needs to work on water run off when we have a lot of rain.. to many places flood on roadways makes driving very dangerous..","pt76e","Traffic congestion is a major problem, so studying traffic flow closely is the first step.","",""
"478","shortlist","pxn3z","city needs to work on water run off when we have a lot of rain.. to many places flood on roadways makes driving very dangerous..","pwsqv","Water safety and swim lessons to all k-12 students.","",""
"479","shortlist","pxn3z","city needs to work on water run off when we have a lot of rain.. to many places flood on roadways makes driving very dangerous..","pfcmk","City should bar non-competes, similar to North Dakota/California, as driving destitution in non-tenure work force. Be heroic destination.","",""
"480","shortlist","pxn3z","city needs to work on water run off when we have a lot of rain.. to many places flood on roadways makes driving very dangerous..","pe3gy","New developments should not be approved unless roads and infrastructure capable of handling them are in place.","",""
"481","shortlist","pxn3z","city needs to work on water run off when we have a lot of rain.. to many places flood on roadways makes driving very dangerous..","pv2mh","A way to improve Bowling Green and the surrounding areas is to improve traffic flow & circulation by limiting the number of traffic lights.","",""
"482","shortlist","pxn3z","city needs to work on water run off when we have a lot of rain.. to many places flood on roadways makes driving very dangerous..","pgmpv","Something needs to be done to improve traffic flow","",""
"483","shortlist","pxn3z","city needs to work on water run off when we have a lot of rain.. to many places flood on roadways makes driving very dangerous..","p5e8k","There are intersections such as the access road along Scottsville that to be reworked, possibly into roundabout or similar designs.","",""
"484","shortlist","pxn3z","city needs to work on water run off when we have a lot of rain.. to many places flood on roadways makes driving very dangerous..","pjf7t","We need well planned service roads, instead of so many driveways directly on streets like Campbell Lane and the By pass.","",""
"485","shortlist","pxn3z","city needs to work on water run off when we have a lot of rain.. to many places flood on roadways makes driving very dangerous..","pcq7d","We need more activities/places to go for teenagers; basically all there is are places to eat, the mall, and the bowling alley","",""
"486","shortlist","pxn3z","city needs to work on water run off when we have a lot of rain.. to many places flood on roadways makes driving very dangerous..","pauwi","The Smokey Bones entrance off of Scottsville Road is extremely dangerous and needs a traffic light.","",""
"487","shortlist","pxn3z","city needs to work on water run off when we have a lot of rain.. to many places flood on roadways makes driving very dangerous..","phuu3","The access roads off Scottsville Rd are terrible. They provide constant traffic jams and can be dangerous. We need to budget to fix them.","",""
"488","shortlist","pxn3z","city needs to work on water run off when we have a lot of rain.. to many places flood on roadways makes driving very dangerous..","pc7zk","City officials need to spread resources across city and not just focus on wealthy neighborhoods. Low-income areas of city are ignored.","",""
"489","shortlist","pxn3z","city needs to work on water run off when we have a lot of rain.. to many places flood on roadways makes driving very dangerous..","p7yd2","The traffic intersection at Scottsville Rd and Pascoe Blvd needs some immediate attention as far as congestion. It's very unsafe.","",""
"490","shortlist","pxn3z","city needs to work on water run off when we have a lot of rain.. to many places flood on roadways makes driving very dangerous..","pyyxz","Impact on traffic flow should be considered with any proposed new developments.","",""
"491","shortlist","pxn3z","city needs to work on water run off when we have a lot of rain.. to many places flood on roadways makes driving very dangerous..","pfwr5","Warren County should be completely wet, the idea of a “moist” County is outdated and stunting the financial growth and tourism opportunity.","",""
"492","shortlist","pxn3z","city needs to work on water run off when we have a lot of rain.. to many places flood on roadways makes driving very dangerous..","pi9rk","Increase green spaces, especially near mall, to decrease congestion and improve ""green"" status","",""
"493","shortlist","pxn3z","city needs to work on water run off when we have a lot of rain.. to many places flood on roadways makes driving very dangerous..","p7ms9","City/county parks should be focused on creating and maintain green places for residents to join.Avoid cement parking and adding buildings","",""
"494","shortlist","pxn3z","city needs to work on water run off when we have a lot of rain.. to many places flood on roadways makes driving very dangerous..","pcu64","Traffic congestion on Fairview Ave and Cemetery Rd needs to be improved during evening rush hours.","",""
"495","shortlist","pxn3z","city needs to work on water run off when we have a lot of rain.. to many places flood on roadways makes driving very dangerous..","pq8wz","BG Parks needs more funding from City","",""
"496","shortlist","pxn3z","city needs to work on water run off when we have a lot of rain.. to many places flood on roadways makes driving very dangerous..","pjbzz","Need to build wider access roads into the city!","",""
"497","shortlist","pxn3z","city needs to work on water run off when we have a lot of rain.. to many places flood on roadways makes driving very dangerous..","pbm45","We need to focus more on the existing housing in BG, including renovations and improvements.","",""
"498","shortlist","pxn3z","city needs to work on water run off when we have a lot of rain.. to many places flood on roadways makes driving very dangerous..","p8hra","Traffic flow needs to be improved throughout Bowling Green, especially on Scottsville Road.","",""
"499","shortlist","pxn3z","city needs to work on water run off when we have a lot of rain.. to many places flood on roadways makes driving very dangerous..","p7438","The Barren River water front needs to be improved on both sides of the river and include canoeing and kayaking water features in the river.","",""
"500","shortlist","pxn3z","city needs to work on water run off when we have a lot of rain.. to many places flood on roadways makes driving very dangerous..","ptuye","The population has out grown the infrastructure in bg/ warren county.","",""
"501","shortlist","pxn3z","city needs to work on water run off when we have a lot of rain.. to many places flood on roadways makes driving very dangerous..","pp9h8","Either do the speed limit or get over to the right, to many SLOW, out of county drivers clogging up the roadways.","",""
"502","shortlist","pxn3z","city needs to work on water run off when we have a lot of rain.. to many places flood on roadways makes driving very dangerous..","p8tq3","There is too much continuous road work going on downtown. They need to get it together.","",""
"503","shortlist","pugud","More bike trails and walking trails would be a great addition.","pmjk5","More public transportation options--be creative","",""
"504","shortlist","pugud","More bike trails and walking trails would be a great addition.","phyee","SKYPAC needs to bring in younger, more entertaining acts. It will fall apart if they keep only catering to 50+. Could be a great venue.","",""
"505","shortlist","pugud","More bike trails and walking trails would be a great addition.","padkd","We need urban planning to ensure that mixed use housing, shopping and new neighborhoods are created to make our community better","",""
"506","shortlist","pugud","More bike trails and walking trails would be a great addition.","p4u89","Have a Dual Slalom Course, Pump Track & Bike Skills Course co-located by the Low Hollow Mountain Bike Trail at Weldon Peete Park.","",""
"507","shortlist","pugud","More bike trails and walking trails would be a great addition.","pfnxw","City and county parks departments should provide more programming for adults and seniors.","",""
"508","shortlist","pugud","More bike trails and walking trails would be a great addition.","p4pb4","Every citizen should be within 1 mile of some shaded green space.","",""
"509","shortlist","pugud","More bike trails and walking trails would be a great addition.","pnspp","The Kentucky Career Center on Chestnut is a great resource to locate employment.","",""
"510","shortlist","pugud","More bike trails and walking trails would be a great addition.","pi9rk","Increase green spaces, especially near mall, to decrease congestion and improve ""green"" status","",""
"511","shortlist","pugud","More bike trails and walking trails would be a great addition.","p5ahf","Need more bike lanes and biker friendly resources","",""
"512","shortlist","pugud","More bike trails and walking trails would be a great addition.","paeh8","Make it a walking city. Sidewalks along the main avenues (scottsville rd, campbell ln, 31 bypass) with plants, benches, art pieces.","",""
"513","shortlist","pugud","More bike trails and walking trails would be a great addition.","puyc6","I hope BG can one day link the short, scattered bicycle paths.","",""
"514","shortlist","pugud","More bike trails and walking trails would be a great addition.","p8ce7","Build and improve sidewalks in the area of Magnolia Street and 13th to Cabell Drive area for the heavy pedestrian traffic there.","",""
"515","shortlist","pugud","More bike trails and walking trails would be a great addition.","pbaby","Better public transit and runs 24 /7 so people without cars can get to work. Also more stops added in residential areas.","",""
"516","shortlist","pugud","More bike trails and walking trails would be a great addition.","pmbwe","More roundabouts for intersections","",""
"517","shortlist","pugud","More bike trails and walking trails would be a great addition.","pz6eg","Bike lanes that are wide enough to safely ride on without fear of being hit by passing cars.","",""
"518","shortlist","pugud","More bike trails and walking trails would be a great addition.","pu4rv","Multi-use sidewalks should have fixtures for skateboards, bikes like small ramps etc.","",""
"519","shortlist","pugud","More bike trails and walking trails would be a great addition.","pvfj9","More green spaces. All of our parks have just become sports complexes!","",""
"520","shortlist","pugud","More bike trails and walking trails would be a great addition.","pjaji","It would be great if people in neighborhoods could get to know each other better and neighborhoods were like small communities of neighbors.","",""
"521","shortlist","pugud","More bike trails and walking trails would be a great addition.","ph4wf","Something needs to be done with the river area- river walk, park, restaurants, summer events- to give the communities ways to get together.","",""
"522","shortlist","pugud","More bike trails and walking trails would be a great addition.","pgdik","Please increase more family friendly activities","",""
"523","shortlist","pugud","More bike trails and walking trails would be a great addition.","p4cji","Police should not focus on Public Intoxication charges for people walking home. We should encourage people to walk -- not drive drunk.","",""
"524","shortlist","pugud","More bike trails and walking trails would be a great addition.","pjbzz","Need to build wider access roads into the city!","",""
"525","shortlist","pugud","More bike trails and walking trails would be a great addition.","pgj3y","Install new sidewalks along major roads, like Three Springs, and city-wide bike routes, to decrease likelihood of accidents","",""
"526","shortlist","pugud","More bike trails and walking trails would be a great addition.","pwy69","More sidewalks would be great, but first let’s stop people parking on them. Or stop spending money building them. Whichever.","",""
"527","shortlist","pugud","More bike trails and walking trails would be a great addition.","pqaaf","Urban sprawl in Bowling Green is a major problem that has made this city less walking/bike friendly.","",""
"528","shortlist","pugud","More bike trails and walking trails would be a great addition.","p6cyb","Plan for people, not cars. Walking should be enjoyable, not a hazard.","",""
"529","shortlist","pugud","More bike trails and walking trails would be a great addition.","pzaca","Bowling Green should spend less time redoing the same sidewalks over and over again and focus on the areas that actually need improvement.","",""
"530","shortlist","pugud","More bike trails and walking trails would be a great addition.","pufe9","Make all future sidewalks wide enough for multi-use (walking, biking, skateboarding etc)","",""
"531","shortlist","pugud","More bike trails and walking trails would be a great addition.","pp8pk","Develop the Greenway so that the paved trail is continuous and reaches major parts of the city including the square, WKU, GM, and others.","",""
"532","shortlist","pugud","More bike trails and walking trails would be a great addition.","psbcj","I would like to see a sift in city planning and zoning to make BG a more walkable city with better sidewalk planning","",""
"533","shortlist","pugud","More bike trails and walking trails would be a great addition.","p7msc","Create pedestrian-only streets.","",""
"534","shortlist","pugud","More bike trails and walking trails would be a great addition.","p3cst","We need more mixed-use developments so people live closely to all basic needs. Mix business and residential zones and increase walkability.","",""
"535","shortlist","pugud","More bike trails and walking trails would be a great addition.","p7438","The Barren River water front needs to be improved on both sides of the river and include canoeing and kayaking water features in the river.","",""
"536","shortlist","pugud","More bike trails and walking trails would be a great addition.","pe6hw","A kayak trail from Lampkin Park to Barren River. Improved River access.","",""
"537","shortlist","pugud","More bike trails and walking trails would be a great addition.","p6k4e","Beautification projects and other quality-of-life enhancements like parks and libraries help attract new residents and industries to our city/county.","",""
"538","shortlist","pugud","More bike trails and walking trails would be a great addition.","pcp9t","More walking/nature trails in our sports-centric parks. Have certain hours where walkers can enjoy the beauty of Paul Walker Golf Course.","",""
"539","shortlist","pugud","More bike trails and walking trails would be a great addition.","p7ms9","City/county parks should be focused on creating and maintain green places for residents to join.Avoid cement parking and adding buildings","",""
"540","shortlist","pugud","More bike trails and walking trails would be a great addition.","p2839","Developing more bike trails into surrounding areas of the city would allow for a more developed both transport and recreational experiences","",""
"541","shortlist","pugud","More bike trails and walking trails would be a great addition.","pge4x","A fresh food grocery store to be built in Delafield and Morgantown rd areas within walking distance of residents.","",""
"542","shortlist","pudtd","We need faster internet service.","pjbzz","Need to build wider access roads into the city!","",""
"543","shortlist","pudtd","We need faster internet service.","pjf7t","We need well planned service roads, instead of so many driveways directly on streets like Campbell Lane and the By pass.","",""
"544","shortlist","pudtd","We need faster internet service.","p28ea","Temp service need to pay higher hourly rate to temp than hiring firm pays their FTE to account for reduced economic security","",""
"545","shortlist","pudtd","We need faster internet service.","puvmn","Free WIFI in certain areas - particularly around Fountain Squre","",""
"546","shortlist","pudtd","We need faster internet service.","paxv3","competition for cable companies and an end to heir price gouging.","",""
"547","shortlist","pudtd","We need faster internet service.","pi4wj","We need a real bus system.","",""
"548","shortlist","pudtd","We need faster internet service.","pbjm2","Warren County residents should not be charged the WASTE WATER SERVICE FEE on their water bills.","",""
"549","shortlist","pudtd","We need faster internet service.","pxtgq","We should have a commuting service between here & Nashville.","",""
"550","shortlist","pudtd","We need faster internet service.","pr7y3","New developments should help pay to widen the roads in the areas where they are increasing traffic.","",""
"551","shortlist","pudtd","We need faster internet service.","phjdj","Bowling Green needs more competitive cable rates.","",""
"552","shortlist","pudtd","We need faster internet service.","padzm","Cable companies need competition and not be allowed to raise rates of customers. Once you sign on, that is your rate unless you upgrade.","",""
"553","shortlist","pudtd","We need faster internet service.","pkzf6","Bowling Green needs more competitive internet rates.","",""
"554","shortlist","pudtd","We need faster internet service.","pztez","WRECC should provide internet services.","",""
"555","shortlist","pudtd","We need faster internet service.","phceg","We need jobs to attract our own college educated students so they don’t leave to get better paying jobs","",""
"556","shortlist","pudtd","We need faster internet service.","pchi2","How is it that surrounding counties have county wide high speed internet, yet one third of Warren County residents have slow or no internet?","",""
"557","shortlist","pudtd","We need faster internet service.","p6rz9","I wish we had train service to Nashville","",""
"558","shortlist","pudtd","We need faster internet service.","paxtf","We need a fiber option for internet.","",""
"559","shortlist","pudtd","We need faster internet service.","pnkss","Warren county needs to be more proactive about keeping their county maps up to date of new roads or developments especially online. (Google)","",""
"560","shortlist","pudtd","We need faster internet service.","p5ahf","Need more bike lanes and biker friendly resources","",""
"561","shortlist","pudtd","We need faster internet service.","pb2cb","Recycling should be encouraged by not charging for the service","",""
"562","shortlist","pudtd","We need faster internet service.","pki7f","Bowling Green needs more access to affordable , healthy, local food sources.","",""
"563","shortlist","pudtd","We need faster internet service.","pn9cj","Increase Internet/Cell/Phone service throughout the county. First deal with areas that currently don't have any option.","",""
"564","shortlist","pudtd","We need faster internet service.","pu2kb","Our city should make a bid for Google Fiber to help compete with Spectrum and AT&T.","",""
"565","shortlist","pudtd","We need faster internet service.","pbqbi","More choices when it comes to internet. BGMU has been offering service to businesses for a while, they should expand to offer to residents.","",""
"566","shortlist","pudtd","We need faster internet service.","pqnjh","Cable TV providers should include all local channels.","",""
"567","shortlist","pudtd","We need faster internet service.","p5rmi","We need to promote competition in town for Charter. AT&T isn't much better and doesn't serve everywhere. Need more fiber to the homes.","",""
"568","shortlist","pudtd","We need faster internet service.","pddku","Spectrum should have competition and not a monopoly. Rates should be regulated by city county government","",""
"569","shortlist","pudtd","We need faster internet service.","pp9h8","Either do the speed limit or get over to the right, to many SLOW, out of county drivers clogging up the roadways.","",""
"570","shortlist","pudtd","We need faster internet service.","pgmpv","Something needs to be done to improve traffic flow","",""
"571","shortlist","pudtd","We need faster internet service.","p6fag","We need to grow the internet infrastructure particularly in growing areas of the county like Alvaton.","",""
"572","shortlist","pudtd","We need faster internet service.","p35gt","Better/more mass media choices available.","",""
"573","shortlist","pudtd","We need faster internet service.","pcv53","BGMU needs to offer residential fiber internet as a UTILITY, using Chattanooga as a perfect example.","",""
"574","shortlist","pudtd","We need faster internet service.","ptuye","The population has out grown the infrastructure in bg/ warren county.","",""
"575","shortlist","ptgpf","Recreational marijuana should be legal.","ph4wf","Something needs to be done with the river area- river walk, park, restaurants, summer events- to give the communities ways to get together.","",""
"576","shortlist","ptgpf","Recreational marijuana should be legal.","ptfp6","Individual unhappiness combined with easy legal and illegal availability of drugs drives the opioid crisis.","",""
"577","shortlist","ptgpf","Recreational marijuana should be legal.","p7eqj","Allow residence of an area to vote on new developments that might have impact on them opposed to commissioners/magistrates getting kickbacks","",""
"578","shortlist","ptgpf","Recreational marijuana should be legal.","p7zmn","There should be more effort put into teaching students about any potential harmful side effects of drugs, illegal or otherwise.","",""
"579","shortlist","ptgpf","Recreational marijuana should be legal.","pgpz3","Planning and zoning laws should change to encourage small businesses and farms.","",""
"580","shortlist","ptgpf","Recreational marijuana should be legal.","p5ahf","Need more bike lanes and biker friendly resources","",""
"581","shortlist","ptgpf","Recreational marijuana should be legal.","pfuyd","big projeck in city sould be vote by people","",""
"582","shortlist","ptgpf","Recreational marijuana should be legal.","pptye","More concerts should be held in Bowling Green","",""
"583","shortlist","ptgpf","Recreational marijuana should be legal.","pqeea","Most drugs except meth should be free & government controlled. See Belgium.","",""
"584","shortlist","ptgpf","Recreational marijuana should be legal.","pani2","Law enforcement should send drug possession arrestees for rehabilitation services rather than imprisonment.","",""
"585","shortlist","ptgpf","Recreational marijuana should be legal.","pmz7k","We need more regulation of opioid drugs, both prescribed and illicit.","",""
"586","shortlist","ptgpf","Recreational marijuana should be legal.","p7h4t","BG can link/support hotel/food, recreational/cultural venues in a Tourism Passport, giving discounts when at least 3 are purchased together.","",""
"587","shortlist","ptgpf","Recreational marijuana should be legal.","pqr9z","Extra police, or parking enforcement unit should be on duty during events to maintain legal parking","",""
"588","shortlist","ptgpf","Recreational marijuana should be legal.","pbnf4","More nonviolent inmates convicted of drug possession should be set free.","",""
"589","shortlist","ptgpf","Recreational marijuana should be legal.","pms9n","Smoking should not be allowed in public parks.","",""
"590","shortlist","ptgpf","Recreational marijuana should be legal.","pkkkz","A city should have the right to declare itself a sanctuary city.","",""
"591","shortlist","ptgpf","Recreational marijuana should be legal.","p8849","Casinos. Bring them here.","",""
"592","shortlist","ptgpf","Recreational marijuana should be legal.","pr2fm","Legalized Marijuana will not only assist Bowling Green in earning Tax revenue but will decrease the strain on our prison system. Win-Win.","",""
"593","shortlist","ptgpf","Recreational marijuana should be legal.","py2mw","I should be allowed to keep my yard & home in any manner I please.","",""
"594","shortlist","ptgpf","Recreational marijuana should be legal.","pfwr5","Warren County should be completely wet, the idea of a “moist” County is outdated and stunting the financial growth and tourism opportunity.","",""
"595","shortlist","ptgpf","Recreational marijuana should be legal.","p9mdn","Marijuana should not be legalized.","",""
"596","shortlist","ptgpf","Recreational marijuana should be legal.","p4qh4","Promote access to mental health treatment, rather than treating addicts as criminals.","",""
"597","shortlist","ptgpf","Recreational marijuana should be legal.","p95zh","There should be no punishment for small amounts of marijuana possession, in my opinion","",""
"598","shortlist","ptgpf","Recreational marijuana should be legal.","pqpib","With drug use being so prevalent in Warren county, better treatment options need to be offered.","",""
"599","shortlist","ptgpf","Recreational marijuana should be legal.","pvdxd","Legalizing marijuana would be a boon for the economy.","",""
"600","shortlist","ptgpf","Recreational marijuana should be legal.","p2839","Developing more bike trails into surrounding areas of the city would allow for a more developed both transport and recreational experiences","",""
"601","shortlist","ptgpf","Recreational marijuana should be legal.","pvndx","Industrial hemp should be re-legalized to grow in Kentucky.","",""
"602","shortlist","ptgpf","Recreational marijuana should be legal.","peq9z","Medical marijuana should be legal.","",""
"603","shortlist","ptgpf","Recreational marijuana should be legal.","p72mx","Harsher sentences for drug users would help combat the opioid epidemic.","",""
"604","shortlist","ptgpf","Recreational marijuana should be legal.","pd4in","There should be a push to improve mental health awareness and availability in Bowling Green.","",""
"605","shortlist","ptgpf","Recreational marijuana should be legal.","p8r8z","there should be a tenant/landlord grievance department with legal assistance","",""
"606","shortlist","ptgpf","Recreational marijuana should be legal.","p9ujh","Lease laws should be enacted and enforced in the county as they are in the city.","",""
"607","shortlist","ptgpf","Recreational marijuana should be legal.","prh9c","Solving the drug crisis should not mean people with health problems/injuries have to suffer with severe pain.","",""
"608","shortlist","ptgpf","Recreational marijuana should be legal.","pemdb","Bowling Green needs to pass a resolution in support of medical cannabis.","",""
"609","shortlist","ptgpf","Recreational marijuana should be legal.","pahwq","Legalizing marijuana at the state level could produce substantial tax revenue, but if only BG did, it would cause problems.","",""
"610","shortlist","ptgpf","Recreational marijuana should be legal.","psnvi","Recreational Cannabis in KY offers tourism, increased revenue, job opportunities, and shows massive leadership in the southern region.","",""
"611","shortlist","paak8","There is no reason not to spend 6 cents per $100 to eliminate homelessness for hundreds of school children.","pcqfp","All schools in the county and city should work together to provide the same minimum level of education to students.","",""
"612","shortlist","paak8","There is no reason not to spend 6 cents per $100 to eliminate homelessness for hundreds of school children.","pf6t9","Bowling Green has many excellent non-public schools; more should be done to make these options available to diverse and low-income families.","",""
"613","shortlist","paak8","There is no reason not to spend 6 cents per $100 to eliminate homelessness for hundreds of school children.","pwnap","Invest in the youth.","",""
"614","shortlist","paak8","There is no reason not to spend 6 cents per $100 to eliminate homelessness for hundreds of school children.","picqu","Make areas around WKU's campus livable for college students. Eliminating section 8 housing will lead to less crime & lower cost of attendance.","",""
"615","shortlist","paak8","There is no reason not to spend 6 cents per $100 to eliminate homelessness for hundreds of school children.","pj2cj","7% of Paker-Bennett & 3.7% of Bristow homeless. I will pay 6 cents per $100 income to end homelessness for school-age families via Apt. $","",""
"616","shortlist","paak8","There is no reason not to spend 6 cents per $100 to eliminate homelessness for hundreds of school children.","pfzd6","If city eliminates homelessness via occupational taxes, employers of homeless people need to reimburse city via special occ. tax penalty","",""
"617","shortlist","paak8","There is no reason not to spend 6 cents per $100 to eliminate homelessness for hundreds of school children.","p2ib2","City School taxes are too high , they need to budget more","",""
"618","shortlist","paak8","There is no reason not to spend 6 cents per $100 to eliminate homelessness for hundreds of school children.","pwzum","We need to replace ""Room at the Inn"" services with temporary decent housing connected to aid agencies for the homeless","",""
"619","shortlist","paak8","There is no reason not to spend 6 cents per $100 to eliminate homelessness for hundreds of school children.","psmh7","The money I earn & spend is all done within the city limits but as a county resident I have NO voice/vote in city politics. Needs to change!","",""
"620","shortlist","paak8","There is no reason not to spend 6 cents per $100 to eliminate homelessness for hundreds of school children.","pp5rm","No family should be homeless in Bowling Green / Warren County, and it is up to our officials to make sure they have options for shelter.","",""
"621","shortlist","paak8","There is no reason not to spend 6 cents per $100 to eliminate homelessness for hundreds of school children.","pgrp6","Unelected school board officials should not have the power to create, add, or increase ""school taxes"".","",""
"622","shortlist","paak8","There is no reason not to spend 6 cents per $100 to eliminate homelessness for hundreds of school children.","pt8p7","There should be more opportunities for the arts and sciences in the Housing Authority so the students there can rise above!","",""
"623","shortlist","paak8","There is no reason not to spend 6 cents per $100 to eliminate homelessness for hundreds of school children.","pihfx","The homeless population is getting out of hand. We need to find better methods for curtailing and rehabing and keeping them off the streets.","",""
"624","shortlist","paak8","There is no reason not to spend 6 cents per $100 to eliminate homelessness for hundreds of school children.","pyr6n","Future charter schools would be a financial burden to public school funding, unless they are held to accountability by local school boards.","",""
"625","shortlist","paak8","There is no reason not to spend 6 cents per $100 to eliminate homelessness for hundreds of school children.","pqy2d","Every school has 1-9% homeless people. This is for the government to deal with via economic policy. Not sending to a NGO or giving a shanty","",""
"626","shortlist","paak8","There is no reason not to spend 6 cents per $100 to eliminate homelessness for hundreds of school children.","p6u6a","Local government, for profit and non profits should work together on housing and economic equality","",""
"627","shortlist","paak8","There is no reason not to spend 6 cents per $100 to eliminate homelessness for hundreds of school children.","pzaca","Bowling Green should spend less time redoing the same sidewalks over and over again and focus on the areas that actually need improvement.","",""
"628","shortlist","paak8","There is no reason not to spend 6 cents per $100 to eliminate homelessness for hundreds of school children.","pfibi","City should pay 1.2-1.5m per annum for all homeless k-12 student/families a studio apartment at $500 or less. fund by occ tax move to 1.91%","",""
"629","shortlist","paak8","There is no reason not to spend 6 cents per $100 to eliminate homelessness for hundreds of school children.","pvng8","City had 109 homeless students in 2017, County Had 112. Housing those families temporarily is worth raising tax rate from 1.85% to 1.91%.","",""
"630","shortlist","paak8","There is no reason not to spend 6 cents per $100 to eliminate homelessness for hundreds of school children.","pvh84","Homelessness is for the nonprofit sector to deal with, not government.","",""
"631","shortlist","paak8","There is no reason not to spend 6 cents per $100 to eliminate homelessness for hundreds of school children.","pgdt8","Consider asking low-income or disabled residents what they really need.","",""
"632","shortlist","paak8","There is no reason not to spend 6 cents per $100 to eliminate homelessness for hundreds of school children.","perix","Support non-public (or public charter) school choice options, and make choice viable for families of ALL income levels.","",""
"633","shortlist","paak8","There is no reason not to spend 6 cents per $100 to eliminate homelessness for hundreds of school children.","p9cba","Reducing poverty will enhance the quality of life for everyone in our community regardless of status.","",""
"634","shortlist","paak8","There is no reason not to spend 6 cents per $100 to eliminate homelessness for hundreds of school children.","pirz4","All students in Warren county should have the best available education, not the Kentucky minimum, at all times.","",""
"635","shortlist","paak8","There is no reason not to spend 6 cents per $100 to eliminate homelessness for hundreds of school children.","p6j9p","I would like to see more aid for the homeless whether: tiny house park, health clinic, rehabilitation, job readiness sources.","",""
"636","shortlist","paak8","There is no reason not to spend 6 cents per $100 to eliminate homelessness for hundreds of school children.","pek7k","Provide a food assistance program for college students as students lots of times do not qualify for food stamps due to living on campus","",""
"637","shortlist","paak8","There is no reason not to spend 6 cents per $100 to eliminate homelessness for hundreds of school children.","pjzz6","The city and county work together to keep the low socieconomic status children out of certain schools. This reduces learning opportunities.","",""
"638","shortlist","paak8","There is no reason not to spend 6 cents per $100 to eliminate homelessness for hundreds of school children.","p9v2v","some children with cultural differences or dietary needs cannot eat a typical lunch at school please provide special diet options.","",""
"639","shortlist","paak8","There is no reason not to spend 6 cents per $100 to eliminate homelessness for hundreds of school children.","pgzys","Rental assistance programs","",""
"640","shortlist","paak8","There is no reason not to spend 6 cents per $100 to eliminate homelessness for hundreds of school children.","pcura","Other counties have school at home on snow days so that kids do not have to make up days. This should be considered for here.","",""
"641","shortlist","paak8","There is no reason not to spend 6 cents per $100 to eliminate homelessness for hundreds of school children.","pqmg8","Low-income areas should get beautification money -- not the wealthy who can afford it themselves.","",""
"642","shortlist","paak8","There is no reason not to spend 6 cents per $100 to eliminate homelessness for hundreds of school children.","pv9w5","Don't waste $800,000 of tax dollars for a fountain in Lamkin park. Residents would be better served with educational programs for the youth!","",""
"643","shortlist","paak8","There is no reason not to spend 6 cents per $100 to eliminate homelessness for hundreds of school children.","p4e3h","Public school could do alternate teaching styles(like Montessori) in a school within a school set up. Not all kids learn the same way.","",""
"644","shortlist","paak8","There is no reason not to spend 6 cents per $100 to eliminate homelessness for hundreds of school children.","p78vr","Build a homeless park w/tiny homes so they can live & not suffer. There should also be a main house to can receive/organize donations","",""
"645","shortlist","paak8","There is no reason not to spend 6 cents per $100 to eliminate homelessness for hundreds of school children.","p4csd","SNAP grants for neighborhood improvements should be available in Warren County, not just in the city.","",""
"646","shortlist","paak8","There is no reason not to spend 6 cents per $100 to eliminate homelessness for hundreds of school children.","pmti4","The city & county school districts need to be re-evaluated The yards/houses that touch Potter Grays playground r all County school districts","",""
"647","shortlist","paak8","There is no reason not to spend 6 cents per $100 to eliminate homelessness for hundreds of school children.","pw6rb","No child should go hungry in Bowling Green / Warren County, and it is up to our officials to make sure it doesn’t happen.","",""
"648","shortlist","paak8","There is no reason not to spend 6 cents per $100 to eliminate homelessness for hundreds of school children.","pebvm","Bowling Green should consider a program, like Ft Worth Texas's Clean Slate, in which the homeless can earn money by cleaning up the city.","",""
"649","shortlist","paak8","There is no reason not to spend 6 cents per $100 to eliminate homelessness for hundreds of school children.","pvzzx","Homeless people deserve full size places like studio apartments. Not tiny homes like a smurf would desire in a tiny house park.","",""
"650","shortlist","paak8","There is no reason not to spend 6 cents per $100 to eliminate homelessness for hundreds of school children.","pbbu5","A private (catholic) high school would be beneficial to all.","",""
"651","shortlist","paak8","There is no reason not to spend 6 cents per $100 to eliminate homelessness for hundreds of school children.","pa9ks","Temporary housing for the homeless in the community.","",""
"652","shortlist","paak8","There is no reason not to spend 6 cents per $100 to eliminate homelessness for hundreds of school children.","pcetw","The city and county school systems should merge.","",""
"653","shortlist","paak8","There is no reason not to spend 6 cents per $100 to eliminate homelessness for hundreds of school children.","pfsk9","Allow parents that take their kids out of public schools to use that money in a private school.","",""
"654","shortlist","pnyg7","The university and city should develop stronger mutually beneficial partnerships.","pgyhw","Better incorporation of university resources in community, including Kentucky Museum.","",""
"655","shortlist","pnyg7","The university and city should develop stronger mutually beneficial partnerships.","pcqfp","All schools in the county and city should work together to provide the same minimum level of education to students.","",""
"656","shortlist","pnyg7","The university and city should develop stronger mutually beneficial partnerships.","pb6y8","The arts enrich our city.","",""
"657","shortlist","pnyg7","The university and city should develop stronger mutually beneficial partnerships.","phhdw","The main purpose of higher education is job training.","",""
"658","shortlist","pnyg7","The university and city should develop stronger mutually beneficial partnerships.","pjq68","More citizens need to be involved in the future development of BG. Too many developers who benefit financially are calling the shots.","",""
"659","shortlist","pnyg7","The university and city should develop stronger mutually beneficial partnerships.","pyfsz","University management bears more responsibility than federal and state education funding cuts for tuition rising so much over the years.","",""
"660","shortlist","pnyg7","The university and city should develop stronger mutually beneficial partnerships.","p6r2s","Rental property taxes should be reduced for private landlords to encourage them to develop more, as opposed to large ones like Chandler.","",""
"661","shortlist","pnyg7","The university and city should develop stronger mutually beneficial partnerships.","pqe94","Bowling Green's refugee, immigrant, and international student population improves the university and the community.","",""
"662","shortlist","pnyg7","The university and city should develop stronger mutually beneficial partnerships.","pe262","WKU should upgrade their CIT program to keep up with the times","",""
"663","shortlist","pnyg7","The university and city should develop stronger mutually beneficial partnerships.","pbbu5","A private (catholic) high school would be beneficial to all.","",""
"664","shortlist","pnyg7","The university and city should develop stronger mutually beneficial partnerships.","pz34c","Develop a manufacturing Work training program for jail inmates that qualify","",""
"665","shortlist","pnyg7","The university and city should develop stronger mutually beneficial partnerships.","p6u6a","Local government, for profit and non profits should work together on housing and economic equality","",""
"666","shortlist","pnyg7","The university and city should develop stronger mutually beneficial partnerships.","p6k4e","Beautification projects and other quality-of-life enhancements like parks and libraries help attract new residents and industries to our city/county.","",""
"667","shortlist","pnyg7","The university and city should develop stronger mutually beneficial partnerships.","psik2","stronger enforcement of junk cars in yards and trashy looking yards in general","",""
"668","shortlist","pnyg7","The university and city should develop stronger mutually beneficial partnerships.","p5pav","Older neighborhoods change from owner occupied to rental. Deterioration occurs. Stronger landlord/tenant laws needed!","",""
"669","shortlist","pnyg7","The university and city should develop stronger mutually beneficial partnerships.","p67wb","WKU should open its facilities to the public once or twice a month to the community, and those in need should be welcome more often.","",""
"670","shortlist","pnyg7","The university and city should develop stronger mutually beneficial partnerships.","pcvs4","Institute a business development grant that encourages WKU grads to stay in Bowling Green by starting local businesses.","",""
"671","shortlist","pnyg7","The university and city should develop stronger mutually beneficial partnerships.","p3cst","We need more mixed-use developments so people live closely to all basic needs. Mix business and residential zones and increase walkability.","",""
"672","shortlist","pnyg7","The university and city should develop stronger mutually beneficial partnerships.","pcrhx","City/county leaders should be cautious of ""build it and they will come"" mentality for growth and development.","",""
"673","shortlist","pnyg7","The university and city should develop stronger mutually beneficial partnerships.","p98s9","Stronger tenant and renters rights. Landlord accountability for keeping properties in good shape. So many overpriced dilapidated rentals.","",""
"674","shortlist","pnyg7","The university and city should develop stronger mutually beneficial partnerships.","pif8h","BG needs to redevelop from WKU to the river and beyond. Model after Greenville SC","",""
"675","shortlist","pnyg7","The university and city should develop stronger mutually beneficial partnerships.","pgcmd","Bowling Green needs more cultural and educational establishments, like sciemce, history and art museums.","",""
"676","shortlist","pnyg7","The university and city should develop stronger mutually beneficial partnerships.","pkta9","City officials need to work with WKU admin. to address the noise & public nuisance problems with the frat houses and homeowners downtown.","",""
"677","shortlist","pnyg7","The university and city should develop stronger mutually beneficial partnerships.","pz3q2","WKU and local community colleges should continue to offer courses that interest those seeking an education, whether or not the courses aid in job placement.","",""
"678","shortlist","pnyg7","The university and city should develop stronger mutually beneficial partnerships.","pp8pk","Develop the Greenway so that the paved trail is continuous and reaches major parts of the city including the square, WKU, GM, and others.","",""
"679","shortlist","pnyg7","The university and city should develop stronger mutually beneficial partnerships.","pge2a","Bowling Green needs a stronger separation of church-mosque-temple and state.","",""
"680","shortlist","pnyg7","The university and city should develop stronger mutually beneficial partnerships.","pcetw","The city and county school systems should merge.","",""
"681","shortlist","pnyg7","The university and city should develop stronger mutually beneficial partnerships.","p3wgr","I would like to see the WKU psych and Medical programs collaborate on mental health research, which is so sadly lacking in today's society.","",""
"682","shortlist","pnyg7","The university and city should develop stronger mutually beneficial partnerships.","pjrwf","Higher education is intended to help young people develop into informed, well-rounded citizens who contribute positively to society.","",""
"683","shortlist","pnyg7","The university and city should develop stronger mutually beneficial partnerships.","padkd","We need urban planning to ensure that mixed use housing, shopping and new neighborhoods are created to make our community better","",""
"684","shortlist","pnyg7","The university and city should develop stronger mutually beneficial partnerships.","p5eg6","There needs to be better access to grocery stores and restaurants from WKU's campus.","",""
"685","shortlist","pnyg7","The university and city should develop stronger mutually beneficial partnerships.","p4p8j","There isn’t enough here to draw young families. We need a beautification of the riverfront and a more walkable city for young professionals","",""
"686","shortlist","pnyg7","The university and city should develop stronger mutually beneficial partnerships.","pptwk","There should be more cooperation between WKU and Bowling Green, especially for things like internships and community involvement.","",""
"687","shortlist","pnyg7","The university and city should develop stronger mutually beneficial partnerships.","ph4wf","Something needs to be done with the river area- river walk, park, restaurants, summer events- to give the communities ways to get together.","",""
"688","shortlist","pnyg7","The university and city should develop stronger mutually beneficial partnerships.","p5ref","Encourage connection between the wealthy and the poor","",""
"689","shortlist","pnyg7","The university and city should develop stronger mutually beneficial partnerships.","pqra3","Need a better way to work with tenants in the downtown district. Too many come and go because they lack business skills.","",""
"690","shortlist","pnyg7","The university and city should develop stronger mutually beneficial partnerships.","pc7zk","City officials need to spread resources across city and not just focus on wealthy neighborhoods. Low-income areas of city are ignored.","",""
"691","shortlist","pnyg7","The university and city should develop stronger mutually beneficial partnerships.","phceg","We need jobs to attract our own college educated students so they don’t leave to get better paying jobs","",""
"692","shortlist","pnyg7","The university and city should develop stronger mutually beneficial partnerships.","p7whc","BG needs to develop a marketing campaign to draw Warren Co and surrounding counties to downtown for eating, shopping, and entertainment.","",""
"693","shortlist","pc3m2","Locally owned, small businesses should get incentives and assistance -- not chains and outside investors.","pwvag","Require businesses to pick up litter they and their customers generate.","",""
"694","shortlist","pc3m2","Locally owned, small businesses should get incentives and assistance -- not chains and outside investors.","pwbe8","We need more incentives for individual and business solar power","",""
"695","shortlist","pc3m2","Locally owned, small businesses should get incentives and assistance -- not chains and outside investors.","pfgep","Bowling Green has been monopolized by Houchens. Limit their growth they own too much of the city for it to be fair to other businesses","",""
"696","shortlist","pc3m2","Locally owned, small businesses should get incentives and assistance -- not chains and outside investors.","pu2fx","It should not take 3 months to get a gynecologist appointment in this city.","",""
"697","shortlist","pc3m2","Locally owned, small businesses should get incentives and assistance -- not chains and outside investors.","pvqds","Bowling Green needs to attract business like Costco and Trader Joe's to keep residents from driving to Nashville on weekends","",""
"698","shortlist","pc3m2","Locally owned, small businesses should get incentives and assistance -- not chains and outside investors.","puyc3","We need to renovate the run down businesses and store fronts, instead of building new places","",""
"699","shortlist","pc3m2","Locally owned, small businesses should get incentives and assistance -- not chains and outside investors.","p6k4e","Beautification projects and other quality-of-life enhancements like parks and libraries help attract new residents and industries to our city/county.","",""
"700","shortlist","pc3m2","Locally owned, small businesses should get incentives and assistance -- not chains and outside investors.","pqmg8","Low-income areas should get beautification money -- not the wealthy who can afford it themselves.","",""
"701","shortlist","pc3m2","Locally owned, small businesses should get incentives and assistance -- not chains and outside investors.","pjaji","It would be great if people in neighborhoods could get to know each other better and neighborhoods were like small communities of neighbors.","",""
"702","shortlist","pc3m2","Locally owned, small businesses should get incentives and assistance -- not chains and outside investors.","p6u6a","Local government, for profit and non profits should work together on housing and economic equality","",""
"703","shortlist","pc3m2","Locally owned, small businesses should get incentives and assistance -- not chains and outside investors.","p4csd","SNAP grants for neighborhood improvements should be available in Warren County, not just in the city.","",""
"704","shortlist","pc3m2","Locally owned, small businesses should get incentives and assistance -- not chains and outside investors.","pqra3","Need a better way to work with tenants in the downtown district. Too many come and go because they lack business skills.","",""
"705","shortlist","pc3m2","Locally owned, small businesses should get incentives and assistance -- not chains and outside investors.","puvjs","Do SOMETHING about completing the ""wrap"" downtown, or at least enhance (and that includes restaurant service) what is currently there.","",""
"706","shortlist","pc3m2","Locally owned, small businesses should get incentives and assistance -- not chains and outside investors.","p8r8z","there should be a tenant/landlord grievance department with legal assistance","",""
"707","shortlist","pc3m2","Locally owned, small businesses should get incentives and assistance -- not chains and outside investors.","pvv6a","Bring a discount grocer to the downtown area.","",""
"708","shortlist","pc3m2","Locally owned, small businesses should get incentives and assistance -- not chains and outside investors.","p3y3b","Build more roads!!! Traffic is terrible here for a small city.","",""
"709","shortlist","pc3m2","Locally owned, small businesses should get incentives and assistance -- not chains and outside investors.","p5at5","Downtown redevelopment should retain accessible parking for existing businesses.","",""
"710","shortlist","pc3m2","Locally owned, small businesses should get incentives and assistance -- not chains and outside investors.","pw6sg","Big names and corporations get away with too much. We need fairer regulation and level playing fields for the small and big guys alike.","",""
"711","shortlist","pc3m2","Locally owned, small businesses should get incentives and assistance -- not chains and outside investors.","pgnkw","A fairness ordinance in Bowling Green would attract new businesses. No one wants to set up show in a town ethically stuck in the 1800s.","",""
"712","shortlist","pc3m2","Locally owned, small businesses should get incentives and assistance -- not chains and outside investors.","p64wt","More affordable home ownership options.","",""
"713","shortlist","pc3m2","Locally owned, small businesses should get incentives and assistance -- not chains and outside investors.","p6r2s","Rental property taxes should be reduced for private landlords to encourage them to develop more, as opposed to large ones like Chandler.","",""
"714","shortlist","pc3m2","Locally owned, small businesses should get incentives and assistance -- not chains and outside investors.","pgzys","Rental assistance programs","",""
"715","shortlist","pc3m2","Locally owned, small businesses should get incentives and assistance -- not chains and outside investors.","pgpz3","Planning and zoning laws should change to encourage small businesses and farms.","",""
"716","shortlist","pc3m2","Locally owned, small businesses should get incentives and assistance -- not chains and outside investors.","pg99d","Local food and small farms are one of BG best attractions.","",""
"717","shortlist","pc3m2","Locally owned, small businesses should get incentives and assistance -- not chains and outside investors.","p7whc","BG needs to develop a marketing campaign to draw Warren Co and surrounding counties to downtown for eating, shopping, and entertainment.","",""
"718","shortlist","pc3m2","Locally owned, small businesses should get incentives and assistance -- not chains and outside investors.","p95zh","There should be no punishment for small amounts of marijuana possession, in my opinion","",""
"719","shortlist","pc3m2","Locally owned, small businesses should get incentives and assistance -- not chains and outside investors.","p3cst","We need more mixed-use developments so people live closely to all basic needs. Mix business and residential zones and increase walkability.","",""
"720","shortlist","pc3m2","Locally owned, small businesses should get incentives and assistance -- not chains and outside investors.","pindv","The Bowling Green/Warren County Airport needs to be relocated outside of the city limits.","",""
"721","shortlist","pc3m2","Locally owned, small businesses should get incentives and assistance -- not chains and outside investors.","pjq68","More citizens need to be involved in the future development of BG. Too many developers who benefit financially are calling the shots.","",""
"722","shortlist","pc3m2","Locally owned, small businesses should get incentives and assistance -- not chains and outside investors.","pcrhx","City/county leaders should be cautious of ""build it and they will come"" mentality for growth and development.","",""
"723","shortlist","pc3m2","Locally owned, small businesses should get incentives and assistance -- not chains and outside investors.","pbm45","We need to focus more on the existing housing in BG, including renovations and improvements.","",""
"724","shortlist","pc3m2","Locally owned, small businesses should get incentives and assistance -- not chains and outside investors.","p389z","We should be incentivizing higher paying jobs coming to BG. Cost of living is outrunning wages and it's starting to be a problem.","",""
"725","shortlist","pc3m2","Locally owned, small businesses should get incentives and assistance -- not chains and outside investors.","pjrdt","Improved businesses such as banks and groceries in lowest income areas","",""
"726","shortlist","pc3m2","Locally owned, small businesses should get incentives and assistance -- not chains and outside investors.","pfcmk","City should bar non-competes, similar to North Dakota/California, as driving destitution in non-tenure work force. Be heroic destination.","",""
"727","shortlist","pc3m2","Locally owned, small businesses should get incentives and assistance -- not chains and outside investors.","psj6d","Support more local chefs and brewers! White Squirrel is fantastic and I want to see more of it in BG!","",""
"728","shortlist","pc3m2","Locally owned, small businesses should get incentives and assistance -- not chains and outside investors.","pcvs4","Institute a business development grant that encourages WKU grads to stay in Bowling Green by starting local businesses.","",""
"729","shortlist","pc3m2","Locally owned, small businesses should get incentives and assistance -- not chains and outside investors.","pvdrx","We need to make it worthwhile for builders to create more quality affordable rental units for residents, rather than more luxury units.","",""
"730","shortlist","pc3m2","Locally owned, small businesses should get incentives and assistance -- not chains and outside investors.","pgaj7","I would like to see a revitalization of older parts of Bowling Green, by giving home improvement grants to home owners. Approval process req","",""
"731","shortlist","pc3m2","Locally owned, small businesses should get incentives and assistance -- not chains and outside investors.","panhj","We need more businesses like White Squirrel and Nats in BG. They add character to our town. Done with the Olive Garden and Belks.","",""
"732","shortlist","pc3m2","Locally owned, small businesses should get incentives and assistance -- not chains and outside investors.","pgw6z","Pass a No animals on chains in the county.","",""
"733","shortlist","pc3m2","Locally owned, small businesses should get incentives and assistance -- not chains and outside investors.","pphh2","We should focus downtown development dollars on rehabilitation and reuse of buildings that can be done so, rather than building new.","",""
"734","shortlist","pc3m2","Locally owned, small businesses should get incentives and assistance -- not chains and outside investors.","pki7f","Bowling Green needs more access to affordable , healthy, local food sources.","",""
"735","shortlist","pc3m2","Locally owned, small businesses should get incentives and assistance -- not chains and outside investors.","pcp4z","Louisville rd area needs more businesses and restaurants extending out towards the factories to also bring in revenue from Edmonson Co.","",""
"736","shortlist","pc3m2","Locally owned, small businesses should get incentives and assistance -- not chains and outside investors.","pv68d","The downtown district, especially Fountain Square, should have more retail businesses, not offices.","",""
"737","shortlist","pc3m2","Locally owned, small businesses should get incentives and assistance -- not chains and outside investors.","pxjmb","Encourage local business development with grants, etc. For a city this size, it is ridiculous that we have basically one local coffee shop!","",""
"738","shortlist","pc3m2","Locally owned, small businesses should get incentives and assistance -- not chains and outside investors.","pq8ag","Reduce and/or get rid of the city wage tax.","",""
"739","shortlist","pyr2u","Warren county needs to be ""wet"". The city is wet but the county is dry.","p7438","The Barren River water front needs to be improved on both sides of the river and include canoeing and kayaking water features in the river.","",""
"740","shortlist","pyr2u","Warren county needs to be ""wet"". The city is wet but the county is dry.","pgmpv","Something needs to be done to improve traffic flow","",""
"741","shortlist","pyr2u","Warren county needs to be ""wet"". The city is wet but the county is dry.","pgsds","County volunteer fire departments need to be upgraded to fit the current population of Warren County.","",""
"742","shortlist","pyr2u","Warren county needs to be ""wet"". The city is wet but the county is dry.","p92xj","Bowling Green needs a fairness ordinance to protect the rights of its citizens.","",""
"743","shortlist","pyr2u","Warren county needs to be ""wet"". The city is wet but the county is dry.","puyc3","We need to renovate the run down businesses and store fronts, instead of building new places","",""
"744","shortlist","pyr2u","Warren county needs to be ""wet"". The city is wet but the county is dry.","phjdj","Bowling Green needs more competitive cable rates.","",""
"745","shortlist","pyr2u","Warren county needs to be ""wet"". The city is wet but the county is dry.","ppegh","Holly drive needs sidewalks","",""
"746","shortlist","pyr2u","Warren county needs to be ""wet"". The city is wet but the county is dry.","pzaca","Bowling Green should spend less time redoing the same sidewalks over and over again and focus on the areas that actually need improvement.","",""
"747","shortlist","pyr2u","Warren county needs to be ""wet"". The city is wet but the county is dry.","pkb9k","Bowling Green needs an indoor / outdoor sports event complex/","",""
"748","shortlist","pyr2u","Warren county needs to be ""wet"". The city is wet but the county is dry.","pmp68","BGMU needs to be held accountable for their rates and ""averages.""","",""
"749","shortlist","pyr2u","Warren county needs to be ""wet"". The city is wet but the county is dry.","pcrhx","City/county leaders should be cautious of ""build it and they will come"" mentality for growth and development.","",""
"750","shortlist","pyr2u","Warren county needs to be ""wet"". The city is wet but the county is dry.","pcp4z","Louisville rd area needs more businesses and restaurants extending out towards the factories to also bring in revenue from Edmonson Co.","",""
"751","shortlist","pyr2u","Warren county needs to be ""wet"". The city is wet but the county is dry.","p4csd","SNAP grants for neighborhood improvements should be available in Warren County, not just in the city.","",""
"752","shortlist","pyr2u","Warren county needs to be ""wet"". The city is wet but the county is dry.","p6c95","BG needs an indoor tennis option","",""
"753","shortlist","pyr2u","Warren county needs to be ""wet"". The city is wet but the county is dry.","pemdb","Bowling Green needs to pass a resolution in support of medical cannabis.","",""
"754","shortlist","pyr2u","Warren county needs to be ""wet"". The city is wet but the county is dry.","pfwr5","Warren County should be completely wet, the idea of a “moist” County is outdated and stunting the financial growth and tourism opportunity.","",""
"755","shortlist","pyr2u","Warren county needs to be ""wet"". The city is wet but the county is dry.","padkd","We need urban planning to ensure that mixed use housing, shopping and new neighborhoods are created to make our community better","",""
"756","shortlist","pyr2u","Warren county needs to be ""wet"". The city is wet but the county is dry.","pb38d","It is easy to find a good job in Warren County.","",""
"757","shortlist","pyr2u","Warren county needs to be ""wet"". The city is wet but the county is dry.","pfqwv","Law enforcement in Bowling Green and Warren county needs more minority representation","",""
"758","shortlist","pyr2u","Warren county needs to be ""wet"". The city is wet but the county is dry.","p9ujh","Lease laws should be enacted and enforced in the county as they are in the city.","",""
"759","shortlist","pyr2u","Warren county needs to be ""wet"". The city is wet but the county is dry.","pindv","The Bowling Green/Warren County Airport needs to be relocated outside of the city limits.","",""
"760","shortlist","pyr2u","Warren county needs to be ""wet"". The city is wet but the county is dry.","pgpz3","Planning and zoning laws should change to encourage small businesses and farms.","",""
"761","shortlist","pyr2u","Warren county needs to be ""wet"". The city is wet but the county is dry.","pbm45","We need to focus more on the existing housing in BG, including renovations and improvements.","",""
"762","shortlist","pyr2u","Warren county needs to be ""wet"". The city is wet but the county is dry.","pnkss","Warren county needs to be more proactive about keeping their county maps up to date of new roads or developments especially online. (Google)","",""
"763","shortlist","pyr2u","Warren county needs to be ""wet"". The city is wet but the county is dry.","peq9z","Medical marijuana should be legal.","",""
"764","shortlist","pyr2u","Warren county needs to be ""wet"". The city is wet but the county is dry.","p4j6s","Minimum wage needs to go o $15 per hour","",""
"765","shortlist","pyr2u","Warren county needs to be ""wet"". The city is wet but the county is dry.","pm5k9","Bowling Green & Warren Co. should consolidate into a metro.","",""
"766","shortlist","pyr2u","Warren county needs to be ""wet"". The city is wet but the county is dry.","pwsqv","Water safety and swim lessons to all k-12 students.","",""
"767","shortlist","pyr2u","Warren county needs to be ""wet"". The city is wet but the county is dry.","pkzf6","Bowling Green needs more competitive internet rates.","",""
"768","shortlist","pyr2u","Warren county needs to be ""wet"". The city is wet but the county is dry.","p9md3","County needs to extend water lines in Tuckertown area. About a dozen homes don't have county water or fire hydrants!","",""
"769","shortlist","pyr2u","Warren county needs to be ""wet"". The city is wet but the county is dry.","pfuyd","big projeck in city sould be vote by people","",""
"770","shortlist","pyr2u","Warren county needs to be ""wet"". The city is wet but the county is dry.","p6k4e","Beautification projects and other quality-of-life enhancements like parks and libraries help attract new residents and industries to our city/county.","",""
"771","shortlist","pyr2u","Warren county needs to be ""wet"". The city is wet but the county is dry.","pvdxd","Legalizing marijuana would be a boon for the economy.","",""
"772","shortlist","pyr2u","Warren county needs to be ""wet"". The city is wet but the county is dry.","pjbzz","Need to build wider access roads into the city!","",""
"773","shortlist","pyr2u","Warren county needs to be ""wet"". The city is wet but the county is dry.","pkcbm","BG needs more Summer weekend festivals/activities","",""
"774","shortlist","pyr2u","Warren county needs to be ""wet"". The city is wet but the county is dry.","phfba","Bowling Green needs stricter code enforcement on property use and condition in some neighborhoods.","",""
"775","shortlist","pyr2u","Warren county needs to be ""wet"". The city is wet but the county is dry.","ptuye","The population has out grown the infrastructure in bg/ warren county.","",""
"776","shortlist","pyr2u","Warren county needs to be ""wet"". The city is wet but the county is dry.","pif8h","BG needs to redevelop from WKU to the river and beyond. Model after Greenville SC","",""
"777","shortlist","pyr2u","Warren county needs to be ""wet"". The city is wet but the county is dry.","pd9yv","Noise ordinances should be enacted and enforced in the county as they are in the city.","",""
"778","shortlist","pyr2u","Warren county needs to be ""wet"". The city is wet but the county is dry.","ph4wf","Something needs to be done with the river area- river walk, park, restaurants, summer events- to give the communities ways to get together.","",""
"779","shortlist","pyr2u","Warren county needs to be ""wet"". The city is wet but the county is dry.","pqpib","With drug use being so prevalent in Warren county, better treatment options need to be offered.","",""
"780","shortlist","pyr2u","Warren county needs to be ""wet"". The city is wet but the county is dry.","pahwq","Legalizing marijuana at the state level could produce substantial tax revenue, but if only BG did, it would cause problems.","",""
"781","shortlist","pyr2u","Warren county needs to be ""wet"". The city is wet but the county is dry.","pxg44","Bowling green needs to work in beautifying the city . More Boulvard like roads with planted flowers and reducing overhead utility clusters.","",""
"782","shortlist","pyr2u","Warren county needs to be ""wet"". The city is wet but the county is dry.","p9erh","Bowling Green needs to annex a solid geographic area & thereby eliminating those areas within our city that are not receiving city services.","",""
"783","shortlist","pyr2u","Warren county needs to be ""wet"". The city is wet but the county is dry.","pq8wz","BG Parks needs more funding from City","",""
"784","shortlist","pyr2u","Warren county needs to be ""wet"". The city is wet but the county is dry.","pp8pk","Develop the Greenway so that the paved trail is continuous and reaches major parts of the city including the square, WKU, GM, and others.","",""
"785","shortlist","pyr2u","Warren county needs to be ""wet"". The city is wet but the county is dry.","pkeaq","Leash laws should be more strictly enforced in both the city and county","",""
"786","shortlist","pyr2u","Warren county needs to be ""wet"". The city is wet but the county is dry.","pmti4","The city & county school districts need to be re-evaluated The yards/houses that touch Potter Grays playground r all County school districts","",""
"787","shortlist","pymzr","A traffic light is needed on Cave Mill in front of Natcher School. Operational on school days, 7:30 to 9 AM & 3 to 4:30 PM.","pbp7c","There are too many traffic lights in parts of Bowling Green (for instance, Scottsville Road).","",""
"788","shortlist","pymzr","A traffic light is needed on Cave Mill in front of Natcher School. Operational on school days, 7:30 to 9 AM & 3 to 4:30 PM.","p572n","A round about would be the best solution to improve traffic flow on Fairview Ave at Keriakes Park.","",""
"789","shortlist","pymzr","A traffic light is needed on Cave Mill in front of Natcher School. Operational on school days, 7:30 to 9 AM & 3 to 4:30 PM.","p5ku8","There needs to be a stoplight at the intersection of Shive Lane and Ken Bale Blvd to improve traffic flow. The backups there are awful.","",""
"790","shortlist","pymzr","A traffic light is needed on Cave Mill in front of Natcher School. Operational on school days, 7:30 to 9 AM & 3 to 4:30 PM.","p7438","The Barren River water front needs to be improved on both sides of the river and include canoeing and kayaking water features in the river.","",""
"791","shortlist","pymzr","A traffic light is needed on Cave Mill in front of Natcher School. Operational on school days, 7:30 to 9 AM & 3 to 4:30 PM.","pauwi","The Smokey Bones entrance off of Scottsville Road is extremely dangerous and needs a traffic light.","",""
"792","shortlist","pymzr","A traffic light is needed on Cave Mill in front of Natcher School. Operational on school days, 7:30 to 9 AM & 3 to 4:30 PM.","pcura","Other counties have school at home on snow days so that kids do not have to make up days. This should be considered for here.","",""
"793","shortlist","pymzr","A traffic light is needed on Cave Mill in front of Natcher School. Operational on school days, 7:30 to 9 AM & 3 to 4:30 PM.","pq66s","The road closure between Shawnee and Patton Way makes access to Nashville Rd take 3 times as long and is a major annoyance.","",""
"794","shortlist","pymzr","A traffic light is needed on Cave Mill in front of Natcher School. Operational on school days, 7:30 to 9 AM & 3 to 4:30 PM.","p7yd2","The traffic intersection at Scottsville Rd and Pascoe Blvd needs some immediate attention as far as congestion. It's very unsafe.","",""
"795","shortlist","pymzr","A traffic light is needed on Cave Mill in front of Natcher School. Operational on school days, 7:30 to 9 AM & 3 to 4:30 PM.","p78pt","Sidewalks are needed along Gary Farms Blvd","",""
"796","shortlist","pymzr","A traffic light is needed on Cave Mill in front of Natcher School. Operational on school days, 7:30 to 9 AM & 3 to 4:30 PM.","pt458","Need a traffic signal on Cave Mill in front of Natcher School, operating 8-9 AM, 3:30-4:30.","",""
"797","shortlist","pymzr","A traffic light is needed on Cave Mill in front of Natcher School. Operational on school days, 7:30 to 9 AM & 3 to 4:30 PM.","peddm","The intersection at Taco Bell and KFC is a nightmare","",""
"798","shortlist","pymzr","A traffic light is needed on Cave Mill in front of Natcher School. Operational on school days, 7:30 to 9 AM & 3 to 4:30 PM.","pyei4","The LEFT turning light at Nashville onto Dishman & the same for Scottsville onto Lovers Ln.. need to be longer to allow more to go through.","",""
"799","shortlist","pymzr","A traffic light is needed on Cave Mill in front of Natcher School. Operational on school days, 7:30 to 9 AM & 3 to 4:30 PM.","p3j36","We need to block left turns on the busy parts of the by-pass so people don't block everyone else trying to turn.","",""
"800","shortlist","pymzr","A traffic light is needed on Cave Mill in front of Natcher School. Operational on school days, 7:30 to 9 AM & 3 to 4:30 PM.","p5e8k","There are intersections such as the access road along Scottsville that to be reworked, possibly into roundabout or similar designs.","",""
"801","shortlist","pymzr","A traffic light is needed on Cave Mill in front of Natcher School. Operational on school days, 7:30 to 9 AM & 3 to 4:30 PM.","pwj8w","Five lane Cemetery Road from Interchange to By Pass, except four lanes through the Cemetery with median prohibiting left turns.","",""
"802","shortlist","pymzr","A traffic light is needed on Cave Mill in front of Natcher School. Operational on school days, 7:30 to 9 AM & 3 to 4:30 PM.","pmiz7","Traffic flow on Cavemill Rd during peek hours (3pm - 5pm)","",""
"803","shortlist","pymzr","A traffic light is needed on Cave Mill in front of Natcher School. Operational on school days, 7:30 to 9 AM & 3 to 4:30 PM.","pmn86","We need look for a Natcher connection on Three Springs or Elrod Rd","",""
"804","shortlist","pymzr","A traffic light is needed on Cave Mill in front of Natcher School. Operational on school days, 7:30 to 9 AM & 3 to 4:30 PM.","pnkpa","A person should not miss rent (say due to a car breakdown) and face eviction in less than 2 weeks (before next payday). Make it 30 days.","",""
"805","shortlist","pymzr","A traffic light is needed on Cave Mill in front of Natcher School. Operational on school days, 7:30 to 9 AM & 3 to 4:30 PM.","pv2mh","A way to improve Bowling Green and the surrounding areas is to improve traffic flow & circulation by limiting the number of traffic lights.","",""
"806","shortlist","pymzr","A traffic light is needed on Cave Mill in front of Natcher School. Operational on school days, 7:30 to 9 AM & 3 to 4:30 PM.","phmk4","Access Rd, east side of Scottsville Rd. in shopping dist causes congestion. Give right of way to access road or cross streets, not a mix!","",""
"807","shortlist","pymzr","A traffic light is needed on Cave Mill in front of Natcher School. Operational on school days, 7:30 to 9 AM & 3 to 4:30 PM.","pt76e","Traffic congestion is a major problem, so studying traffic flow closely is the first step.","",""
"808","shortlist","pymzr","A traffic light is needed on Cave Mill in front of Natcher School. Operational on school days, 7:30 to 9 AM & 3 to 4:30 PM.","pyyxz","Impact on traffic flow should be considered with any proposed new developments.","",""
"809","shortlist","pymzr","A traffic light is needed on Cave Mill in front of Natcher School. Operational on school days, 7:30 to 9 AM & 3 to 4:30 PM.","p5hnk","Street lights should be required on residential streets in town. Too many dark corners.","",""
"810","shortlist","pymzr","A traffic light is needed on Cave Mill in front of Natcher School. Operational on school days, 7:30 to 9 AM & 3 to 4:30 PM.","pczge","Busy roads like the by pass either need turn lanes or block left hand turns except at stop lights.","",""
"811","shortlist","pymzr","A traffic light is needed on Cave Mill in front of Natcher School. Operational on school days, 7:30 to 9 AM & 3 to 4:30 PM.","pcuww","Why isn't Nashville Rd between the roundabout and Campbell Ln wider? Getting stuck there at 5 o'clock is a plague.","",""
"812","shortlist","pymzr","A traffic light is needed on Cave Mill in front of Natcher School. Operational on school days, 7:30 to 9 AM & 3 to 4:30 PM.","ptaiy","Many drivers fail to stop as traffic lights turn red. As many as 3 cars will travel through an intersection after light has changed to red.","",""
"813","shortlist","pymzr","A traffic light is needed on Cave Mill in front of Natcher School. Operational on school days, 7:30 to 9 AM & 3 to 4:30 PM.","ptbq2","With a circle, widen Fairview with a left-turn lane west of cemetery.","",""
"814","shortlist","pymzr","A traffic light is needed on Cave Mill in front of Natcher School. Operational on school days, 7:30 to 9 AM & 3 to 4:30 PM.","p3bwu","The city should actually time stoplights correctly during rush hour to prevent complete gridlock","",""
"815","shortlist","pymzr","A traffic light is needed on Cave Mill in front of Natcher School. Operational on school days, 7:30 to 9 AM & 3 to 4:30 PM.","pcu64","Traffic congestion on Fairview Ave and Cemetery Rd needs to be improved during evening rush hours.","",""
"816","shortlist","pymzr","A traffic light is needed on Cave Mill in front of Natcher School. Operational on school days, 7:30 to 9 AM & 3 to 4:30 PM.","pnfi5","install traffic cameras and enforce running of stop lights. more traffic enforcement means more $$$ for the city.","",""
"817","shortlist","pymzr","A traffic light is needed on Cave Mill in front of Natcher School. Operational on school days, 7:30 to 9 AM & 3 to 4:30 PM.","p35n3","The intersection of Scottsville road and entrance to Greenview Hospital needs to be widened","",""
"818","shortlist","pymzr","A traffic light is needed on Cave Mill in front of Natcher School. Operational on school days, 7:30 to 9 AM & 3 to 4:30 PM.","pu42c","Better visibility on roads. Reflectors and better signage","",""
"819","shortlist","pymzr","A traffic light is needed on Cave Mill in front of Natcher School. Operational on school days, 7:30 to 9 AM & 3 to 4:30 PM.","pav4r","There should be more officers observing intersections.","",""
"820","shortlist","pymzr","A traffic light is needed on Cave Mill in front of Natcher School. Operational on school days, 7:30 to 9 AM & 3 to 4:30 PM.","pcetw","The city and county school systems should merge.","",""
"821","shortlist","pymzr","A traffic light is needed on Cave Mill in front of Natcher School. Operational on school days, 7:30 to 9 AM & 3 to 4:30 PM.","pgrp6","Unelected school board officials should not have the power to create, add, or increase ""school taxes"".","",""
"822","shortlist","pymzr","A traffic light is needed on Cave Mill in front of Natcher School. Operational on school days, 7:30 to 9 AM & 3 to 4:30 PM.","p3kb6","Only a traffic circle at Kereiakes Park on Fairview Ave. is required.","",""
"823","shortlist","pymzr","A traffic light is needed on Cave Mill in front of Natcher School. Operational on school days, 7:30 to 9 AM & 3 to 4:30 PM.","p4e3h","Public school could do alternate teaching styles(like Montessori) in a school within a school set up. Not all kids learn the same way.","",""
"824","shortlist","pymzr","A traffic light is needed on Cave Mill in front of Natcher School. Operational on school days, 7:30 to 9 AM & 3 to 4:30 PM.","pdckg","Affordable supports for the elderly and aging population are needed in our community.","",""
"825","shortlist","pymzr","A traffic light is needed on Cave Mill in front of Natcher School. Operational on school days, 7:30 to 9 AM & 3 to 4:30 PM.","pgmpv","Something needs to be done to improve traffic flow","",""
"826","shortlist","pymzr","A traffic light is needed on Cave Mill in front of Natcher School. Operational on school days, 7:30 to 9 AM & 3 to 4:30 PM.","p9j36","Better ordinances on keeping animals on leashes or in fenced areas are needed.","",""
"827","shortlist","pymzr","A traffic light is needed on Cave Mill in front of Natcher School. Operational on school days, 7:30 to 9 AM & 3 to 4:30 PM.","pdhdi","Work,with State to complete a wide loop from Scottsville Road across N I65 to N Natcher Pk way.","",""
"828","shortlist","pymzr","A traffic light is needed on Cave Mill in front of Natcher School. Operational on school days, 7:30 to 9 AM & 3 to 4:30 PM.","p8hra","Traffic flow needs to be improved throughout Bowling Green, especially on Scottsville Road.","",""
"829","shortlist","pymzr","A traffic light is needed on Cave Mill in front of Natcher School. Operational on school days, 7:30 to 9 AM & 3 to 4:30 PM.","p8iym","Expand Nashville Rd all the way past Chaney’s & Buchanan park. Very dangerous area.. very much so for a school area & young drivers.","",""
"830","shortlist","pymzr","A traffic light is needed on Cave Mill in front of Natcher School. Operational on school days, 7:30 to 9 AM & 3 to 4:30 PM.","psebg","More weekend activites are needed for YOUNG Seniors, who arent yet ready for Bingo nights.","",""
"831","shortlist","pymzr","A traffic light is needed on Cave Mill in front of Natcher School. Operational on school days, 7:30 to 9 AM & 3 to 4:30 PM.","p4g7x","Smallhouse Rd (at Campbell Ln) heading into town needs to be widened to have room for three lanes (left turn, straight, right turn).","",""
"832","shortlist","peqy9","we need transit buses for elderly and disabled in the county and they should be easy to enter and exit/wheelchair accessible","pgj3y","Install new sidewalks along major roads, like Three Springs, and city-wide bike routes, to decrease likelihood of accidents","",""
"833","shortlist","peqy9","we need transit buses for elderly and disabled in the county and they should be easy to enter and exit/wheelchair accessible","pntww","We need more pet stores","",""
"834","shortlist","peqy9","we need transit buses for elderly and disabled in the county and they should be easy to enter and exit/wheelchair accessible","pdckg","Affordable supports for the elderly and aging population are needed in our community.","",""
"835","shortlist","peqy9","we need transit buses for elderly and disabled in the county and they should be easy to enter and exit/wheelchair accessible","pbzyn","Provide accessible transportation for seniors that have difficulty driving","",""
"836","shortlist","peqy9","we need transit buses for elderly and disabled in the county and they should be easy to enter and exit/wheelchair accessible","ptfp6","Individual unhappiness combined with easy legal and illegal availability of drugs drives the opioid crisis.","",""
"837","shortlist","peqy9","we need transit buses for elderly and disabled in the county and they should be easy to enter and exit/wheelchair accessible","pvq7m","many parts of the By-pass can and should be widened","",""
"838","shortlist","peqy9","we need transit buses for elderly and disabled in the county and they should be easy to enter and exit/wheelchair accessible","psn6u","Should be an interstate exit for the Woodburn area it could help decrease BG congestion and let people bypass BG all together","",""
"839","shortlist","peqy9","we need transit buses for elderly and disabled in the county and they should be easy to enter and exit/wheelchair accessible","pzkag","An unmanned trolley system, possibly solar, might be better long term than buses for some areas.","",""
"840","shortlist","peqy9","we need transit buses for elderly and disabled in the county and they should be easy to enter and exit/wheelchair accessible","pts69","Funding and support should be given to the existing BG buses, to expand their service area and improve accessibility.","",""
"841","shortlist","peqy9","we need transit buses for elderly and disabled in the county and they should be easy to enter and exit/wheelchair accessible","psb2i","Provide regular and affordable daily transport to Nashville Airport from Bowling Green.","",""
"842","shortlist","peqy9","we need transit buses for elderly and disabled in the county and they should be easy to enter and exit/wheelchair accessible","p2839","Developing more bike trails into surrounding areas of the city would allow for a more developed both transport and recreational experiences","",""
"843","shortlist","peqy9","we need transit buses for elderly and disabled in the county and they should be easy to enter and exit/wheelchair accessible","pdt4t","Curbside Recycling and/or Recycle Center in South Warren County","",""
"844","shortlist","peqy9","we need transit buses for elderly and disabled in the county and they should be easy to enter and exit/wheelchair accessible","pj74t","Parking on the WKU campus should be more accessible to students and visitors.","",""
"845","shortlist","peqy9","we need transit buses for elderly and disabled in the county and they should be easy to enter and exit/wheelchair accessible","pbaby","Better public transit and runs 24 /7 so people without cars can get to work. Also more stops added in residential areas.","",""
"846","shortlist","peqy9","we need transit buses for elderly and disabled in the county and they should be easy to enter and exit/wheelchair accessible","pmjk5","More public transportation options--be creative","",""
"847","shortlist","peqy9","we need transit buses for elderly and disabled in the county and they should be easy to enter and exit/wheelchair accessible","pki7f","Bowling Green needs more access to affordable , healthy, local food sources.","",""
"848","shortlist","peqy9","we need transit buses for elderly and disabled in the county and they should be easy to enter and exit/wheelchair accessible","p3285","We need a WHOLE FOOD store.","",""
"849","shortlist","peqy9","we need transit buses for elderly and disabled in the county and they should be easy to enter and exit/wheelchair accessible","pkupf","A senior living community, designed for 50+ residents rather than 75+ & in failing health residents, is needed — and apparently ignored.","",""
"850","shortlist","peqy9","we need transit buses for elderly and disabled in the county and they should be easy to enter and exit/wheelchair accessible","pjf7t","We need well planned service roads, instead of so many driveways directly on streets like Campbell Lane and the By pass.","",""
"851","shortlist","peqy9","we need transit buses for elderly and disabled in the county and they should be easy to enter and exit/wheelchair accessible","psbcj","I would like to see a sift in city planning and zoning to make BG a more walkable city with better sidewalk planning","",""
"852","shortlist","peqy9","we need transit buses for elderly and disabled in the county and they should be easy to enter and exit/wheelchair accessible","pb38d","It is easy to find a good job in Warren County.","",""
"853","shortlist","peqy9","we need transit buses for elderly and disabled in the county and they should be easy to enter and exit/wheelchair accessible","pgmpv","Something needs to be done to improve traffic flow","",""
"854","shortlist","peqy9","we need transit buses for elderly and disabled in the county and they should be easy to enter and exit/wheelchair accessible","pjbzz","Need to build wider access roads into the city!","",""
"855","shortlist","peqy9","we need transit buses for elderly and disabled in the county and they should be easy to enter and exit/wheelchair accessible","pn5bv","Local companies that can't fill job openings & the Workforce Dev't. Board should set up commuter lots and a shuttle service to rural areas.","",""
"856","shortlist","peqy9","we need transit buses for elderly and disabled in the county and they should be easy to enter and exit/wheelchair accessible","p2w5z","For a city of this size, there is too little available in the way of weekend activities for Seniors who are not ready for rocking chairs.","",""
"857","shortlist","peqy9","we need transit buses for elderly and disabled in the county and they should be easy to enter and exit/wheelchair accessible","p3cst","We need more mixed-use developments so people live closely to all basic needs. Mix business and residential zones and increase walkability.","",""
"858","shortlist","peqy9","we need transit buses for elderly and disabled in the county and they should be easy to enter and exit/wheelchair accessible","p6cyb","Plan for people, not cars. Walking should be enjoyable, not a hazard.","",""
"859","shortlist","peqy9","we need transit buses for elderly and disabled in the county and they should be easy to enter and exit/wheelchair accessible","p5ahf","Need more bike lanes and biker friendly resources","",""
"860","shortlist","peqy9","we need transit buses for elderly and disabled in the county and they should be easy to enter and exit/wheelchair accessible","pz6eg","Bike lanes that are wide enough to safely ride on without fear of being hit by passing cars.","",""
"861","shortlist","peqy9","we need transit buses for elderly and disabled in the county and they should be easy to enter and exit/wheelchair accessible","pgdt8","Consider asking low-income or disabled residents what they really need.","",""
"862","shortlist","peqy9","we need transit buses for elderly and disabled in the county and they should be easy to enter and exit/wheelchair accessible","pxtgq","We should have a commuting service between here & Nashville.","",""
"863","shortlist","peqy9","we need transit buses for elderly and disabled in the county and they should be easy to enter and exit/wheelchair accessible","p5at5","Downtown redevelopment should retain accessible parking for existing businesses.","",""
"864","shortlist","peqy9","we need transit buses for elderly and disabled in the county and they should be easy to enter and exit/wheelchair accessible","padkd","We need urban planning to ensure that mixed use housing, shopping and new neighborhoods are created to make our community better","",""
"865","shortlist","peqy9","we need transit buses for elderly and disabled in the county and they should be easy to enter and exit/wheelchair accessible","p6864","Wal-Mart and Kroger grocery pick-up should have to accept EBT for the elderly and disabled","",""
"866","shortlist","peqy9","we need transit buses for elderly and disabled in the county and they should be easy to enter and exit/wheelchair accessible","pgzys","Rental assistance programs","",""
"867","shortlist","peqy9","we need transit buses for elderly and disabled in the county and they should be easy to enter and exit/wheelchair accessible","p6rz9","I wish we had train service to Nashville","",""
"868","shortlist","peqy9","we need transit buses for elderly and disabled in the county and they should be easy to enter and exit/wheelchair accessible","phc7j","Parking lots should be monitored to prevent illegal parking in handicap spaces.","",""
"869","shortlist","peqy9","we need transit buses for elderly and disabled in the county and they should be easy to enter and exit/wheelchair accessible","pi4wj","We need a real bus system.","",""
"870","shortlist","peqy9","we need transit buses for elderly and disabled in the county and they should be easy to enter and exit/wheelchair accessible","pwin9","A clean, efficient public transportation system would be a huge help to those with limited ability or desire to drive.","",""
"871","shortlist","pktbx","Internet services should be a public municipality.","padzm","Cable companies need competition and not be allowed to raise rates of customers. Once you sign on, that is your rate unless you upgrade.","",""
"872","shortlist","pktbx","Internet services should be a public municipality.","pms9n","Smoking should not be allowed in public parks.","",""
"873","shortlist","pktbx","Internet services should be a public municipality.","pqnjh","Cable TV providers should include all local channels.","",""
"874","shortlist","pktbx","Internet services should be a public municipality.","pnkss","Warren county needs to be more proactive about keeping their county maps up to date of new roads or developments especially online. (Google)","",""
"875","shortlist","pktbx","Internet services should be a public municipality.","pddku","Spectrum should have competition and not a monopoly. Rates should be regulated by city county government","",""
"876","shortlist","pktbx","Internet services should be a public municipality.","pe3gy","New developments should not be approved unless roads and infrastructure capable of handling them are in place.","",""
"877","shortlist","pktbx","Internet services should be a public municipality.","pchi2","How is it that surrounding counties have county wide high speed internet, yet one third of Warren County residents have slow or no internet?","",""
"878","shortlist","pktbx","Internet services should be a public municipality.","pvpmr","Most local officials run for office to serve the public good.","",""
"879","shortlist","pktbx","Internet services should be a public municipality.","pn9cj","Increase Internet/Cell/Phone service throughout the county. First deal with areas that currently don't have any option.","",""
"880","shortlist","pktbx","Internet services should be a public municipality.","pf6t9","Bowling Green has many excellent non-public schools; more should be done to make these options available to diverse and low-income families.","",""
"881","shortlist","pktbx","Internet services should be a public municipality.","pu2kb","Our city should make a bid for Google Fiber to help compete with Spectrum and AT&T.","",""
"882","shortlist","pktbx","Internet services should be a public municipality.","p35gt","Better/more mass media choices available.","",""
"883","shortlist","pktbx","Internet services should be a public municipality.","p2a6v","Sewer should be required to be run to all new subdivisions and cost should be split between city/county water systems and builders","",""
"884","shortlist","pktbx","Internet services should be a public municipality.","pani2","Law enforcement should send drug possession arrestees for rehabilitation services rather than imprisonment.","",""
"885","shortlist","pktbx","Internet services should be a public municipality.","pkzf6","Bowling Green needs more competitive internet rates.","",""
"886","shortlist","pktbx","Internet services should be a public municipality.","phjdj","Bowling Green needs more competitive cable rates.","",""
"887","shortlist","pktbx","Internet services should be a public municipality.","pnbm2","Recycling services need to be improved and modernized. Current contractor uses outdated equipment, services are messy, company unresponsive.","",""
"888","shortlist","pktbx","Internet services should be a public municipality.","p6u6a","Local government, for profit and non profits should work together on housing and economic equality","",""
"889","shortlist","pktbx","Internet services should be a public municipality.","pjbzz","Need to build wider access roads into the city!","",""
"890","shortlist","pktbx","Internet services should be a public municipality.","perix","Support non-public (or public charter) school choice options, and make choice viable for families of ALL income levels.","",""
"891","shortlist","pktbx","Internet services should be a public municipality.","p6fag","We need to grow the internet infrastructure particularly in growing areas of the county like Alvaton.","",""
"892","shortlist","pktbx","Internet services should be a public municipality.","pmjk5","More public transportation options--be creative","",""
"893","shortlist","pktbx","Internet services should be a public municipality.","paxv3","competition for cable companies and an end to heir price gouging.","",""
"894","shortlist","pktbx","Internet services should be a public municipality.","pztez","WRECC should provide internet services.","",""
"895","shortlist","pktbx","Internet services should be a public municipality.","p5rmi","We need to promote competition in town for Charter. AT&T isn't much better and doesn't serve everywhere. Need more fiber to the homes.","",""
"896","shortlist","pktbx","Internet services should be a public municipality.","p6twv","City Annexed areas need more city services for their tax $$.","",""
"897","shortlist","pktbx","Internet services should be a public municipality.","p9md3","County needs to extend water lines in Tuckertown area. About a dozen homes don't have county water or fire hydrants!","",""
"898","shortlist","pktbx","Internet services should be a public municipality.","paxtf","We need a fiber option for internet.","",""
"899","shortlist","pktbx","Internet services should be a public municipality.","pbqbi","More choices when it comes to internet. BGMU has been offering service to businesses for a while, they should expand to offer to residents.","",""
"900","shortlist","pktbx","Internet services should be a public municipality.","puvmn","Free WIFI in certain areas - particularly around Fountain Squre","",""
"901","shortlist","pktbx","Internet services should be a public municipality.","pmp68","BGMU needs to be held accountable for their rates and ""averages.""","",""
"902","shortlist","pktbx","Internet services should be a public municipality.","pcv53","BGMU needs to offer residential fiber internet as a UTILITY, using Chattanooga as a perfect example.","",""
"903","shortlist","pktbx","Internet services should be a public municipality.","prb8q","Businesses and multi-family dwellings should be required to offer and use recycling services.","",""
"904","shortlist","pktbx","Internet services should be a public municipality.","pzntg","The Public Library ""Internet Café"" has become a hangout for the homeless, and this has become an issue the community has chosen to ignore.","",""
"905","shortlist","pktbx","Internet services should be a public municipality.","pbaby","Better public transit and runs 24 /7 so people without cars can get to work. Also more stops added in residential areas.","",""
"906","shortlist","ptwgu","Refugee neighbors enrich our city's landscape and we should find more ways to welcome and integrate them into the life of the city.","p9cba","Reducing poverty will enhance the quality of life for everyone in our community regardless of status.","",""
"907","shortlist","ptwgu","Refugee neighbors enrich our city's landscape and we should find more ways to welcome and integrate them into the life of the city.","p3cst","We need more mixed-use developments so people live closely to all basic needs. Mix business and residential zones and increase walkability.","",""
"908","shortlist","ptwgu","Refugee neighbors enrich our city's landscape and we should find more ways to welcome and integrate them into the life of the city.","p67wb","WKU should open its facilities to the public once or twice a month to the community, and those in need should be welcome more often.","",""
"909","shortlist","ptwgu","Refugee neighbors enrich our city's landscape and we should find more ways to welcome and integrate them into the life of the city.","p92ce","People in Bowling Green should not be discriminated against based on their sexual orientation.","",""
"910","shortlist","ptwgu","Refugee neighbors enrich our city's landscape and we should find more ways to welcome and integrate them into the life of the city.","ppsfb","Greek Life should be monitored on WKU's campus.","",""
"911","shortlist","ptwgu","Refugee neighbors enrich our city's landscape and we should find more ways to welcome and integrate them into the life of the city.","pwzum","We need to replace ""Room at the Inn"" services with temporary decent housing connected to aid agencies for the homeless","",""
"912","shortlist","ptwgu","Refugee neighbors enrich our city's landscape and we should find more ways to welcome and integrate them into the life of the city.","pjaji","It would be great if people in neighborhoods could get to know each other better and neighborhoods were like small communities of neighbors.","",""
"913","shortlist","ptwgu","Refugee neighbors enrich our city's landscape and we should find more ways to welcome and integrate them into the life of the city.","pqnui","Resources to better integrate immigrants and refugees into the community should be put into place.","",""
"914","shortlist","ptwgu","Refugee neighbors enrich our city's landscape and we should find more ways to welcome and integrate them into the life of the city.","p6tet","Hawaii outlaws billboards tokeep the landscape from being blocked I would love to see Bowling Green billboard free","",""
"915","shortlist","ptwgu","Refugee neighbors enrich our city's landscape and we should find more ways to welcome and integrate them into the life of the city.","pwg82","Emphasize that ALL immigrants should learn and speak ENGLLISH.","",""
"916","shortlist","ptwgu","Refugee neighbors enrich our city's landscape and we should find more ways to welcome and integrate them into the life of the city.","p6u6a","Local government, for profit and non profits should work together on housing and economic equality","",""
"917","shortlist","ptwgu","Refugee neighbors enrich our city's landscape and we should find more ways to welcome and integrate them into the life of the city.","puqkg","City/County schools should have a minimum one year classroom for immigrant and refugee students so they can learn english, culture and laws","",""
"918","shortlist","ptwgu","Refugee neighbors enrich our city's landscape and we should find more ways to welcome and integrate them into the life of the city.","p6j9p","I would like to see more aid for the homeless whether: tiny house park, health clinic, rehabilitation, job readiness sources.","",""
"919","shortlist","ptwgu","Refugee neighbors enrich our city's landscape and we should find more ways to welcome and integrate them into the life of the city.","ph4wf","Something needs to be done with the river area- river walk, park, restaurants, summer events- to give the communities ways to get together.","",""
"920","shortlist","ptwgu","Refugee neighbors enrich our city's landscape and we should find more ways to welcome and integrate them into the life of the city.","pk22m","Publicizing more cultural activities other than the Bowling Green International Festival.","",""
"921","shortlist","ptwgu","Refugee neighbors enrich our city's landscape and we should find more ways to welcome and integrate them into the life of the city.","pa9ks","Temporary housing for the homeless in the community.","",""
"922","shortlist","ptwgu","Refugee neighbors enrich our city's landscape and we should find more ways to welcome and integrate them into the life of the city.","pptwk","There should be more cooperation between WKU and Bowling Green, especially for things like internships and community involvement.","",""
"923","shortlist","ptwgu","Refugee neighbors enrich our city's landscape and we should find more ways to welcome and integrate them into the life of the city.","pjbzz","Need to build wider access roads into the city!","",""
"924","shortlist","ptwgu","Refugee neighbors enrich our city's landscape and we should find more ways to welcome and integrate them into the life of the city.","pd3p9","Better parking around the square would draw in more college students who like to shop but can not find parking downtown.","",""
"925","shortlist","ptwgu","Refugee neighbors enrich our city's landscape and we should find more ways to welcome and integrate them into the life of the city.","prnhy","Refugees should be required to learn and speak english.","",""
"926","shortlist","ptwgu","Refugee neighbors enrich our city's landscape and we should find more ways to welcome and integrate them into the life of the city.","p5rtq","We are loosing the city’s long established neighborhoods to multi family developments that do not fit in with the single family residences","",""
"927","shortlist","ptwgu","Refugee neighbors enrich our city's landscape and we should find more ways to welcome and integrate them into the life of the city.","pbm45","We need to focus more on the existing housing in BG, including renovations and improvements.","",""
"928","shortlist","ptwgu","Refugee neighbors enrich our city's landscape and we should find more ways to welcome and integrate them into the life of the city.","padkd","We need urban planning to ensure that mixed use housing, shopping and new neighborhoods are created to make our community better","",""
"929","shortlist","ptwgu","Refugee neighbors enrich our city's landscape and we should find more ways to welcome and integrate them into the life of the city.","p5ref","Encourage connection between the wealthy and the poor","",""
"930","shortlist","ptwgu","Refugee neighbors enrich our city's landscape and we should find more ways to welcome and integrate them into the life of the city.","pc7zk","City officials need to spread resources across city and not just focus on wealthy neighborhoods. Low-income areas of city are ignored.","",""
"931","shortlist","ptwgu","Refugee neighbors enrich our city's landscape and we should find more ways to welcome and integrate them into the life of the city.","pqe94","Bowling Green's refugee, immigrant, and international student population improves the university and the community.","",""
"932","shortlist","ptwgu","Refugee neighbors enrich our city's landscape and we should find more ways to welcome and integrate them into the life of the city.","pihfx","The homeless population is getting out of hand. We need to find better methods for curtailing and rehabing and keeping them off the streets.","",""
"933","shortlist","ptwgu","Refugee neighbors enrich our city's landscape and we should find more ways to welcome and integrate them into the life of the city.","pg99d","Local food and small farms are one of BG best attractions.","",""
"934","shortlist","ptwgu","Refugee neighbors enrich our city's landscape and we should find more ways to welcome and integrate them into the life of the city.","pkkkz","A city should have the right to declare itself a sanctuary city.","",""
"935","shortlist","ptwgu","Refugee neighbors enrich our city's landscape and we should find more ways to welcome and integrate them into the life of the city.","pb38d","It is easy to find a good job in Warren County.","",""
"936","shortlist","ptwgu","Refugee neighbors enrich our city's landscape and we should find more ways to welcome and integrate them into the life of the city.","pbx3e","Zoning changes should only be made with the consent of a majority of the neighbors in the affected area.","",""
"937","shortlist","ptwgu","Refugee neighbors enrich our city's landscape and we should find more ways to welcome and integrate them into the life of the city.","pb6y8","The arts enrich our city.","",""
"938","shortlist","ptwgu","Refugee neighbors enrich our city's landscape and we should find more ways to welcome and integrate them into the life of the city.","phdiq","Refugees and immigrants are welcome next door.","",""
"939","shortlist","ptwgu","Refugee neighbors enrich our city's landscape and we should find more ways to welcome and integrate them into the life of the city.","pnv7k","Our local immigrant population has, overall, been a benefit to our city and county.","",""
"940","shortlist","ptwgu","Refugee neighbors enrich our city's landscape and we should find more ways to welcome and integrate them into the life of the city.","pr4k5","Bowling Green should work on becoming a more food sustainable city with less food waste and food insecurity","",""
"941","shortlist","ptwgu","Refugee neighbors enrich our city's landscape and we should find more ways to welcome and integrate them into the life of the city.","pf6t9","Bowling Green has many excellent non-public schools; more should be done to make these options available to diverse and low-income families.","",""
"942","shortlist","ptwgu","Refugee neighbors enrich our city's landscape and we should find more ways to welcome and integrate them into the life of the city.","p6k4e","Beautification projects and other quality-of-life enhancements like parks and libraries help attract new residents and industries to our city/county.","",""
"943","shortlist","ptwgu","Refugee neighbors enrich our city's landscape and we should find more ways to welcome and integrate them into the life of the city.","pgdt8","Consider asking low-income or disabled residents what they really need.","",""
"944","shortlist","ptwgu","Refugee neighbors enrich our city's landscape and we should find more ways to welcome and integrate them into the life of the city.","pnvfb","Bowling Green needs more pet-friendly housing options for renters.","",""
"945","shortlist","p6xjr","The area of downtown and the riverfront should continue to be developed for entertainment and recreation for both day and night activities.","pzj5g","I would like to see part of the downtown area converted to an ""art district"". Something similar to the Wynnwood Walls in Miami, FL.","",""
"946","shortlist","p6xjr","The area of downtown and the riverfront should continue to be developed for entertainment and recreation for both day and night activities.","pzaca","Bowling Green should spend less time redoing the same sidewalks over and over again and focus on the areas that actually need improvement.","",""
"947","shortlist","p6xjr","The area of downtown and the riverfront should continue to be developed for entertainment and recreation for both day and night activities.","pzxze","There are not enough family-centered activities to do down town.","",""
"948","shortlist","p6xjr","The area of downtown and the riverfront should continue to be developed for entertainment and recreation for both day and night activities.","puvjs","Do SOMETHING about completing the ""wrap"" downtown, or at least enhance (and that includes restaurant service) what is currently there.","",""
"949","shortlist","p6xjr","The area of downtown and the riverfront should continue to be developed for entertainment and recreation for both day and night activities.","p2839","Developing more bike trails into surrounding areas of the city would allow for a more developed both transport and recreational experiences","",""
"950","shortlist","p6xjr","The area of downtown and the riverfront should continue to be developed for entertainment and recreation for both day and night activities.","pvv6a","Bring a discount grocer to the downtown area.","",""
"951","shortlist","p6xjr","The area of downtown and the riverfront should continue to be developed for entertainment and recreation for both day and night activities.","p8tq3","There is too much continuous road work going on downtown. They need to get it together.","",""
"952","shortlist","p6xjr","The area of downtown and the riverfront should continue to be developed for entertainment and recreation for both day and night activities.","pcrhx","City/county leaders should be cautious of ""build it and they will come"" mentality for growth and development.","",""
"953","shortlist","p6xjr","The area of downtown and the riverfront should continue to be developed for entertainment and recreation for both day and night activities.","pgdik","Please increase more family friendly activities","",""
"954","shortlist","p6xjr","The area of downtown and the riverfront should continue to be developed for entertainment and recreation for both day and night activities.","pq3ad","More parking downtown. There are too many reserved spaces which should be available in the evening.","",""
"955","shortlist","p6xjr","The area of downtown and the riverfront should continue to be developed for entertainment and recreation for both day and night activities.","p7ms9","City/county parks should be focused on creating and maintain green places for residents to join.Avoid cement parking and adding buildings","",""
"956","shortlist","p6xjr","The area of downtown and the riverfront should continue to be developed for entertainment and recreation for both day and night activities.","pif8h","BG needs to redevelop from WKU to the river and beyond. Model after Greenville SC","",""
"957","shortlist","p6xjr","The area of downtown and the riverfront should continue to be developed for entertainment and recreation for both day and night activities.","pxra8","Downtown at the square and adjacent areas should be a pedestrian mall","",""
"958","shortlist","p6xjr","The area of downtown and the riverfront should continue to be developed for entertainment and recreation for both day and night activities.","pi9rk","Increase green spaces, especially near mall, to decrease congestion and improve ""green"" status","",""
"959","shortlist","p6xjr","The area of downtown and the riverfront should continue to be developed for entertainment and recreation for both day and night activities.","p69et","The bypass area must be developed and utilized for new businesses and attractive structures. It is a neglected area that is losing business.","",""
"960","shortlist","p6xjr","The area of downtown and the riverfront should continue to be developed for entertainment and recreation for both day and night activities.","pmnsc","We need a 6 day a week farmer's market that is open at least 5 hours -","",""
"961","shortlist","p6xjr","The area of downtown and the riverfront should continue to be developed for entertainment and recreation for both day and night activities.","p6jxh","Bowling Green should try to emulate Owensboro's Friday night programs downtown.","",""
"962","shortlist","p6xjr","The area of downtown and the riverfront should continue to be developed for entertainment and recreation for both day and night activities.","pphh2","We should focus downtown development dollars on rehabilitation and reuse of buildings that can be done so, rather than building new.","",""
"963","shortlist","p6xjr","The area of downtown and the riverfront should continue to be developed for entertainment and recreation for both day and night activities.","pe3ap","Continue downtown development to the river. Tourists always seek out parks & restaurants near water.","",""
"964","shortlist","p6xjr","The area of downtown and the riverfront should continue to be developed for entertainment and recreation for both day and night activities.","pv68d","The downtown district, especially Fountain Square, should have more retail businesses, not offices.","",""
"965","shortlist","p6xjr","The area of downtown and the riverfront should continue to be developed for entertainment and recreation for both day and night activities.","p5at5","Downtown redevelopment should retain accessible parking for existing businesses.","",""
"966","shortlist","p6xjr","The area of downtown and the riverfront should continue to be developed for entertainment and recreation for both day and night activities.","puyc3","We need to renovate the run down businesses and store fronts, instead of building new places","",""
"967","shortlist","p6xjr","The area of downtown and the riverfront should continue to be developed for entertainment and recreation for both day and night activities.","pkqjk","More parking for Fountain Square to become a pedestrian zone.","",""
"968","shortlist","p6xjr","The area of downtown and the riverfront should continue to be developed for entertainment and recreation for both day and night activities.","p4p8j","There isn’t enough here to draw young families. We need a beautification of the riverfront and a more walkable city for young professionals","",""
"969","shortlist","p6xjr","The area of downtown and the riverfront should continue to be developed for entertainment and recreation for both day and night activities.","pp8pk","Develop the Greenway so that the paved trail is continuous and reaches major parts of the city including the square, WKU, GM, and others.","",""
"970","shortlist","p6xjr","The area of downtown and the riverfront should continue to be developed for entertainment and recreation for both day and night activities.","ph4wf","Something needs to be done with the river area- river walk, park, restaurants, summer events- to give the communities ways to get together.","",""
"971","shortlist","p6xjr","The area of downtown and the riverfront should continue to be developed for entertainment and recreation for both day and night activities.","pcp4z","Louisville rd area needs more businesses and restaurants extending out towards the factories to also bring in revenue from Edmonson Co.","",""
"972","shortlist","p6xjr","The area of downtown and the riverfront should continue to be developed for entertainment and recreation for both day and night activities.","p7whc","BG needs to develop a marketing campaign to draw Warren Co and surrounding counties to downtown for eating, shopping, and entertainment.","",""
"973","shortlist","p6xjr","The area of downtown and the riverfront should continue to be developed for entertainment and recreation for both day and night activities.","pjq68","More citizens need to be involved in the future development of BG. Too many developers who benefit financially are calling the shots.","",""
"974","shortlist","p6xjr","The area of downtown and the riverfront should continue to be developed for entertainment and recreation for both day and night activities.","pkcbm","BG needs more Summer weekend festivals/activities","",""
"975","shortlist","p6xjr","The area of downtown and the riverfront should continue to be developed for entertainment and recreation for both day and night activities.","p6k4e","Beautification projects and other quality-of-life enhancements like parks and libraries help attract new residents and industries to our city/county.","",""
"976","shortlist","p6xjr","The area of downtown and the riverfront should continue to be developed for entertainment and recreation for both day and night activities.","pgcmd","Bowling Green needs more cultural and educational establishments, like sciemce, history and art museums.","",""
"977","shortlist","p6xjr","The area of downtown and the riverfront should continue to be developed for entertainment and recreation for both day and night activities.","pk22m","Publicizing more cultural activities other than the Bowling Green International Festival.","",""
"978","shortlist","p6xjr","The area of downtown and the riverfront should continue to be developed for entertainment and recreation for both day and night activities.","p3cst","We need more mixed-use developments so people live closely to all basic needs. Mix business and residential zones and increase walkability.","",""
"979","shortlist","p6xjr","The area of downtown and the riverfront should continue to be developed for entertainment and recreation for both day and night activities.","p7438","The Barren River water front needs to be improved on both sides of the river and include canoeing and kayaking water features in the river.","",""
"980","shortlist","p6xjr","The area of downtown and the riverfront should continue to be developed for entertainment and recreation for both day and night activities.","px7xx","Bowling Green is in need of an ice rink for recreation and sport.","",""
"981","shortlist","p6xjr","The area of downtown and the riverfront should continue to be developed for entertainment and recreation for both day and night activities.","puyc6","I hope BG can one day link the short, scattered bicycle paths.","",""
"982","shortlist","p6xjr","The area of downtown and the riverfront should continue to be developed for entertainment and recreation for both day and night activities.","padkd","We need urban planning to ensure that mixed use housing, shopping and new neighborhoods are created to make our community better","",""
"983","fill-check","pyr2u","Warren county needs to be ""wet"". The city is wet but the county is dry.","p2ya2","All new and existing single family housing should have at least one shade tree planting","",""
"984","fill-check","pugud","More bike trails and walking trails would be a great addition.","p3bwu","The city should actually time stoplights correctly during rush hour to prevent complete gridlock","",""
"985","fill-check","ptcr8","Bowling Green needs more accessible programs for mentorships of young adults and teenagers.","psj6d","Support more local chefs and brewers! White Squirrel is fantastic and I want to see more of it in BG!","",""
"986","fill-check","ptgpf","Recreational marijuana should be legal.","pj74t","Parking on the WKU campus should be more accessible to students and visitors.","",""
"987","fill-check","p68um","Take advantage of the wonderful summers in KY and have more outdoor public swimming spaces","pvzw8","Bowling Green needs ev car charging stations. There are none available unless you own a Tesla.","",""
"988","fill-check","pu3fh","We need more things to do for ages 1-6. A children’s museum or a small science museum would be wonderful.","psppu","Higher minimum wage","",""
"989","fill-check","peqy9","we need transit buses for elderly and disabled in the county and they should be easy to enter and exit/wheelchair accessible","p7mfn","When you prioritize the safety of people over automobile speed, all kinds of positive things happen. #slowthecars","",""
"990","fill-check","paak8","There is no reason not to spend 6 cents per $100 to eliminate homelessness for hundreds of school children.","p5y22","Some local politicians abuse their power and get away with more than normal citizens.","",""
"991","fill-check","paak8","There is no reason not to spend 6 cents per $100 to eliminate homelessness for hundreds of school children.","pzymn","Install a ""train"" sign visible from the Nashville, Industrial & Russellville road entrances to reroute traffic when a trains are crossing.","",""
"992","fill-check","pugud","More bike trails and walking trails would be a great addition.","ppegh","Holly drive needs sidewalks","",""
"993","fill-check","paak8","There is no reason not to spend 6 cents per $100 to eliminate homelessness for hundreds of school children.","p7mfn","When you prioritize the safety of people over automobile speed, all kinds of positive things happen. #slowthecars","",""
"994","fill-check","ptcr8","Bowling Green needs more accessible programs for mentorships of young adults and teenagers.","p43q5","Too many apartments in Plano. Nice little country setting I bought my home in forever ruined!","",""
"995","fill-check","pns2r","Farmers shouldn’t need a permit to build a fence.","puuwd","Like Steamers but hate they ruined that historic building","",""
"996","fill-check","ptgpf","Recreational marijuana should be legal.","pxrrm","Local schools should help make up the pension fund crisis by learning to live with budget cuts.","",""
"997","fill-check","p8jmp","Bowling Green needs to enforce the separation of church and state and impose taxes on churches that politic from the pulpit","psebg","More weekend activites are needed for YOUNG Seniors, who arent yet ready for Bingo nights.","",""
"998","fill-check","pktbx","Internet services should be a public municipality.","pwu44","City needs to bar big COs employing from half a dozen temp services to keep 100s ineligble for FMLA due to less than 50 ppl/per 'employer'","",""
"999","fill-check","pktbx","Internet services should be a public municipality.","pc7ve","I would like to see more community art and music programs. For instance, I would love to sign up for a community choir.","",""
"1000","fill-check","pppcy","All public schools should have an adequate summer feeding program so no child goes hungry.","pq8wz","BG Parks needs more funding from City","",""
"1001","fill-check","ptcr8","Bowling Green needs more accessible programs for mentorships of young adults and teenagers.","p4f6c","Recycling centers should be moved out of town.","",""
"1002","fill-check","pppcy","All public schools should have an adequate summer feeding program so no child goes hungry.","pfh4q","Junking up highways/roadways with signs should not be the primary way tourism is promoted.","",""
